code_pays;annee;mois;zone;port_site;type_pirogue;motorisation;engin_peche;espece;captures
MRT;2006;1;NOUAKCHOTT;NOUAKCHOTT;NC;True;LIGNE A MAIN;EPINEPHELUS AENEUS;11961.74926
MRT;2006;1;NOUAKCHOTT;NOUAKCHOTT;NC;True;TREMAIL;EPINEPHELUS AENEUS;298.375
MRT;2006;1;PNBA;PNBA;NC;True;FILET COURBINE;EPINEPHELUS AENEUS;5.255065
MRT;2006;1;PNBA;PNBA;NC;True;FILET D'EPAULE;EPINEPHELUS AENEUS;38.127537
MRT;2006;1;PNBA;PNBA;NC;True;FILET DORADE;EPINEPHELUS AENEUS;10.23628
MRT;2006;1;PNBA;PNBA;NC;True;FILET MULET ENCERCLANT;EPINEPHELUS AENEUS;47.361764
MRT;2006;1;PNBA;PNBA;NC;True;FILET TOLLO;EPINEPHELUS AENEUS;19.55885
MRT;2006;1;PNBA;PNBA;NC;True;LIGNE A MAIN;EPINEPHELUS AENEUS;21.752919
MRT;2006;2;NORD;NORD;NC;True;LIGNE A MAIN;EPINEPHELUS AENEUS;1530.666667
MRT;2006;2;NOUAKCHOTT;NOUAKCHOTT;NC;True;LIGNE A MAIN;EPINEPHELUS AENEUS;10521.03623
MRT;2006;2;NOUAKCHOTT;NOUAKCHOTT;NC;True;TREMAIL;EPINEPHELUS AENEUS;832
MRT;2006;2;PNBA;PNBA;NC;True;FILET COURBINE;EPINEPHELUS AENEUS;34.295299
MRT;2006;2;PNBA;PNBA;NC;True;FILET D'EPAULE;EPINEPHELUS AENEUS;4.562473
MRT;2006;2;PNBA;PNBA;NC;True;FILET MULET ENCERCLANT;EPINEPHELUS AENEUS;117.309579
MRT;2006;2;PNBA;PNBA;NC;True;FILET TOLLO;EPINEPHELUS AENEUS;38.266881
MRT;2006;3;CENTRE;CENTRE;NC;True;FILET COURBINE;EPINEPHELUS AENEUS;2049.167629
MRT;2006;3;CENTRE;CENTRE;NC;True;LIGNE A MAIN;EPINEPHELUS AENEUS;9168.029837
MRT;2006;3;CENTRE;CENTRE;NC;True;TREMAIL;EPINEPHELUS AENEUS;505.217914
MRT;2006;3;NORD;NORD;NC;True;LIGNE A MAIN;EPINEPHELUS AENEUS;3906
MRT;2006;3;NOUAKCHOTT;NOUAKCHOTT;NC;True;LIGNE A MAIN;EPINEPHELUS AENEUS;10953.33333
MRT;2006;3;PNBA;PNBA;NC;True;FILET COURBINE;EPINEPHELUS AENEUS;5.183471
MRT;2006;3;PNBA;PNBA;NC;True;FILET D'EPAULE;EPINEPHELUS AENEUS;0.530226
MRT;2006;3;PNBA;PNBA;NC;True;FILET MULET ENCERCLANT;EPINEPHELUS AENEUS;18.617944
MRT;2006;3;PNBA;PNBA;NC;True;FILET TOLLO;EPINEPHELUS AENEUS;16.299382
MRT;2006;3;PNBA;PNBA;NC;True;LIGNE A MAIN;EPINEPHELUS AENEUS;7.445509
MRT;2006;4;CENTRE;CENTRE;NC;True;LIGNE A MAIN;EPINEPHELUS AENEUS;820
MRT;2006;4;NOUAKCHOTT;NOUAKCHOTT;NC;True;FILET COURBINE;EPINEPHELUS AENEUS;480
MRT;2006;4;NOUAKCHOTT;NOUAKCHOTT;NC;True;LIGNE A MAIN;EPINEPHELUS AENEUS;24382.4004
MRT;2006;4;PNBA;PNBA;NC;True;FILET COURBINE;EPINEPHELUS AENEUS;31.542596
MRT;2006;4;PNBA;PNBA;NC;True;FILET MULET ENCERCLANT;EPINEPHELUS AENEUS;11.295549
MRT;2006;4;PNBA;PNBA;NC;True;FILET TOLLO;EPINEPHELUS AENEUS;2.697196
MRT;2006;5;NORD;NORD;NC;True;LIGNE A MAIN;EPINEPHELUS AENEUS;8035.2
MRT;2006;5;NOUAKCHOTT;NOUAKCHOTT;NC;True;LIGNE A MAIN;EPINEPHELUS AENEUS;17613.53345
MRT;2006;5;NOUAKCHOTT;NOUAKCHOTT;NC;True;PALANGRE;EPINEPHELUS AENEUS;647.092437
MRT;2006;5;NOUAKCHOTT;NOUAKCHOTT;NC;True;TREMAIL;EPINEPHELUS AENEUS;901.727342
MRT;2006;5;PNBA;PNBA;NC;True;FILET COURBINE;EPINEPHELUS AENEUS;6.434132
MRT;2006;5;PNBA;PNBA;NC;True;FILET MULET ENCERCLANT;EPINEPHELUS AENEUS;33.752018
MRT;2006;5;PNBA;PNBA;NC;True;FILET TOLLO;EPINEPHELUS AENEUS;70.823046
MRT;2006;6;NOUAKCHOTT;NOUAKCHOTT;NC;True;LIGNE A MAIN;EPINEPHELUS AENEUS;30935.8206
MRT;2006;6;NOUAKCHOTT;NOUAKCHOTT;NC;True;PALANGRE;EPINEPHELUS AENEUS;1095.652174
MRT;2006;6;NOUAKCHOTT;NOUAKCHOTT;NC;True;TREMAIL;EPINEPHELUS AENEUS;169.714286
MRT;2006;6;PNBA;PNBA;NC;True;FILET MULET ENCERCLANT;EPINEPHELUS AENEUS;7.926237
MRT;2006;6;PNBA;PNBA;NC;True;FILET TOLLO;EPINEPHELUS AENEUS;5.006159
MRT;2006;6;SUD NKTT;SUD NKTT;NC;True;FILET COURBINE;EPINEPHELUS AENEUS;174.697674
MRT;2006;6;SUD NKTT;SUD NKTT;NC;True;LIGNE A MAIN;EPINEPHELUS AENEUS;7993.748038
MRT;2006;6;SUD NKTT;SUD NKTT;NC;True;TREMAIL;EPINEPHELUS AENEUS;337.155963
MRT;2006;7;NORD;NORD;NC;True;LIGNE A MAIN;EPINEPHELUS AENEUS;34439.0625
MRT;2006;7;NOUAKCHOTT;NOUAKCHOTT;NC;True;LIGNE A MAIN;EPINEPHELUS AENEUS;33803.90198
MRT;2006;7;NOUAKCHOTT;NOUAKCHOTT;NC;True;PALANGRE;EPINEPHELUS AENEUS;29256.70588
MRT;2006;7;PNBA;PNBA;NC;True;FILET COURBINE;EPINEPHELUS AENEUS;7.649971
MRT;2006;7;PNBA;PNBA;NC;True;FILET D'EPAULE;EPINEPHELUS AENEUS;5.268847
MRT;2006;7;PNBA;PNBA;NC;True;FILET TOLLO;EPINEPHELUS AENEUS;2.344913
MRT;2006;7;PNBA;PNBA;NC;True;LIGNE A MAIN;EPINEPHELUS AENEUS;31.732986
MRT;2006;7;SUD NKTT;SUD NKTT;NC;True;FILET COURBINE;EPINEPHELUS AENEUS;321.684615
MRT;2006;7;SUD NKTT;SUD NKTT;NC;True;LIGNE A MAIN;EPINEPHELUS AENEUS;39050.92226
MRT;2006;7;SUD NKTT;SUD NKTT;NC;True;TREMAIL;EPINEPHELUS AENEUS;164.863636
MRT;2006;8;NORD;NORD;NC;True;LIGNE A MAIN;EPINEPHELUS AENEUS;11082.5
MRT;2006;8;NOUAKCHOTT;NOUAKCHOTT;NC;True;LIGNE A MAIN;EPINEPHELUS AENEUS;24851.60491
MRT;2006;8;NOUAKCHOTT;NOUAKCHOTT;NC;True;PALANGRE;EPINEPHELUS AENEUS;14446.14418
MRT;2006;8;PNBA;PNBA;NC;True;LIGNE A MAIN;EPINEPHELUS AENEUS;128.900923
MRT;2006;9;CENTRE;CENTRE;NC;True;LIGNE A MAIN;EPINEPHELUS AENEUS;2280.410078
MRT;2006;9;NOUAKCHOTT;NOUAKCHOTT;NC;True;LIGNE A MAIN;EPINEPHELUS AENEUS;7937.018182
MRT;2006;9;NOUAKCHOTT;NOUAKCHOTT;NC;True;PALANGRE;EPINEPHELUS AENEUS;150
MRT;2006;9;PNBA;PNBA;NC;True;FILET COURBINE;EPINEPHELUS AENEUS;4.704534
MRT;2006;9;PNBA;PNBA;NC;True;FILET D'EPAULE;EPINEPHELUS AENEUS;1.801736
MRT;2006;9;PNBA;PNBA;NC;True;FILET MULET ENCERCLANT;EPINEPHELUS AENEUS;80.077176
MRT;2006;10;CENTRE;CENTRE;NC;True;LIGNE A MAIN;EPINEPHELUS AENEUS;10483.48657
MRT;2006;10;NORD;NORD;NC;True;LIGNE A MAIN;EPINEPHELUS AENEUS;2216.499977
MRT;2006;10;NOUAKCHOTT;NOUAKCHOTT;NC;True;LIGNE A MAIN;EPINEPHELUS AENEUS;8201.879136
MRT;2006;10;NOUAKCHOTT;NOUAKCHOTT;NC;True;TREMAIL;EPINEPHELUS AENEUS;1870.941176
MRT;2006;10;PNBA;PNBA;NC;True;FILET D'EPAULE;EPINEPHELUS AENEUS;10.457224
MRT;2006;10;PNBA;PNBA;NC;True;FILET MULET ENCERCLANT;EPINEPHELUS AENEUS;70.234356
MRT;2006;10;PNBA;PNBA;NC;True;LIGNE A MAIN;EPINEPHELUS AENEUS;66.230497
MRT;2006;10;SUD NKTT;SUD NKTT;NC;True;LIGNE A MAIN;EPINEPHELUS AENEUS;9978.914778
MRT;2006;11;CENTRE;CENTRE;NC;True;LIGNE A MAIN;EPINEPHELUS AENEUS;5298.944514
MRT;2006;11;CENTRE;CENTRE;NC;True;TREMAIL;EPINEPHELUS AENEUS;542.203802
MRT;2006;11;NORD;NORD;NC;True;LIGNE A MAIN;EPINEPHELUS AENEUS;13159.28571
MRT;2006;11;NOUAKCHOTT;NOUAKCHOTT;NC;True;LIGNE A MAIN;EPINEPHELUS AENEUS;4653.030303
MRT;2006;11;PNBA;PNBA;NC;True;FILET COURBINE;EPINEPHELUS AENEUS;1.251206
MRT;2006;11;PNBA;PNBA;NC;True;FILET D'EPAULE;EPINEPHELUS AENEUS;105.719129
MRT;2006;11;PNBA;PNBA;NC;True;FILET MULET ENCERCLANT;EPINEPHELUS AENEUS;181.717133
MRT;2006;11;PNBA;PNBA;NC;True;FILET TOLLO;EPINEPHELUS AENEUS;57.805711
MRT;2006;11;PNBA;PNBA;NC;True;LIGNE A MAIN;EPINEPHELUS AENEUS;76.934707
MRT;2006;11;SUD NKTT;SUD NKTT;NC;True;LIGNE A MAIN;EPINEPHELUS AENEUS;93671.43389
MRT;2006;11;SUD NKTT;SUD NKTT;NC;True;TREMAIL;EPINEPHELUS AENEUS;520
MRT;2006;12;CENTRE;CENTRE;NC;True;LIGNE A MAIN;EPINEPHELUS AENEUS;3931.200056
MRT;2006;12;CENTRE;CENTRE;NC;True;TREMAIL;EPINEPHELUS AENEUS;3125.842244
MRT;2006;12;NORD;NORD;NC;True;FILET LANGOUSTE;EPINEPHELUS AENEUS;1488
MRT;2006;12;NORD;NORD;NC;True;LIGNE A MAIN;EPINEPHELUS AENEUS;6490.087063
MRT;2006;12;NOUAKCHOTT;NOUAKCHOTT;NC;True;FILET MAILLANT;EPINEPHELUS AENEUS;1313.625013
MRT;2006;12;NOUAKCHOTT;NOUAKCHOTT;NC;True;LIGNE A MAIN;EPINEPHELUS AENEUS;3313.912902
MRT;2006;12;NOUAKCHOTT;NOUAKCHOTT;NC;True;PALANGRE;EPINEPHELUS AENEUS;6658.147353
MRT;2006;12;NOUAKCHOTT;NOUAKCHOTT;NC;True;TREMAIL;EPINEPHELUS AENEUS;1686.681818
MRT;2006;12;PNBA;PNBA;NC;True;FILET COURBINE;EPINEPHELUS AENEUS;5.457074
MRT;2006;12;PNBA;PNBA;NC;True;FILET D'EPAULE;EPINEPHELUS AENEUS;14.762349
MRT;2006;12;PNBA;PNBA;NC;True;FILET MULET ENCERCLANT;EPINEPHELUS AENEUS;400.703
MRT;2006;12;PNBA;PNBA;NC;True;FILET TOLLO;EPINEPHELUS AENEUS;220.962957
MRT;2006;12;PNBA;PNBA;NC;True;LIGNE A MAIN;EPINEPHELUS AENEUS;3.803666
MRT;2006;12;SUD NKTT;SUD NKTT;NC;True;LIGNE A MAIN;EPINEPHELUS AENEUS;35043.67961
MRT;2007;1;CENTRE;CENTRE;NC;True;FILET COURBINE;EPINEPHELUS AENEUS;123.270589
MRT;2007;1;CENTRE;CENTRE;NC;True;FILET MAILLANT;EPINEPHELUS AENEUS;19.375
MRT;2007;1;CENTRE;CENTRE;NC;True;LIGNE A MAIN;EPINEPHELUS AENEUS;2823.480039
MRT;2007;1;CENTRE;CENTRE;NC;True;TREMAIL;EPINEPHELUS AENEUS;1109.209524
MRT;2007;1;NORD;NORD;NC;True;FILET COURBINE;EPINEPHELUS AENEUS;310
MRT;2007;1;NORD;NORD;NC;True;FILET SOLE;EPINEPHELUS AENEUS;287.748617
MRT;2007;1;NORD;NORD;NC;True;LIGNE A MAIN;EPINEPHELUS AENEUS;11439
MRT;2007;1;NOUAKCHOTT;NOUAKCHOTT;NC;True;FILET MAILLANT;EPINEPHELUS AENEUS;899.02818
MRT;2007;1;NOUAKCHOTT;NOUAKCHOTT;NC;True;LIGNE A MAIN;EPINEPHELUS AENEUS;12426.95149
MRT;2007;1;NOUAKCHOTT;NOUAKCHOTT;NC;True;PALANGRE;EPINEPHELUS AENEUS;2292.966722
MRT;2007;1;NOUAKCHOTT;NOUAKCHOTT;NC;True;TREMAIL;EPINEPHELUS AENEUS;255.75
MRT;2007;1;PNBA;PNBA;NC;True;FILET COURBINE;EPINEPHELUS AENEUS;80.108879
MRT;2007;1;PNBA;PNBA;NC;True;FILET D'EPAULE;EPINEPHELUS AENEUS;9.060443
MRT;2007;1;PNBA;PNBA;NC;True;FILET MULET ENCERCLANT;EPINEPHELUS AENEUS;168.693753
MRT;2007;1;PNBA;PNBA;NC;True;FILET TOLLO;EPINEPHELUS AENEUS;45.823497
MRT;2007;1;PNBA;PNBA;NC;True;LIGNE A MAIN;EPINEPHELUS AENEUS;90.691562
MRT;2007;2;CENTRE;CENTRE;NC;True;FILET COURBINE;EPINEPHELUS AENEUS;778.444086
MRT;2007;2;CENTRE;CENTRE;NC;True;LIGNE A MAIN;EPINEPHELUS AENEUS;832
MRT;2007;2;CENTRE;CENTRE;NC;True;TREMAIL;EPINEPHELUS AENEUS;168.821843
MRT;2007;2;NORD;NORD;NC;True;LIGNE A MAIN;EPINEPHELUS AENEUS;845.894731
MRT;2007;2;NORD;NORD;NC;True;POT A POULPES;EPINEPHELUS AENEUS;2335.421728
MRT;2007;2;NOUAKCHOTT;NOUAKCHOTT;NC;True;FILET MAILLANT;EPINEPHELUS AENEUS;122.610525
MRT;2007;2;NOUAKCHOTT;NOUAKCHOTT;NC;True;LIGNE A MAIN;EPINEPHELUS AENEUS;394.116279
MRT;2007;2;NOUAKCHOTT;NOUAKCHOTT;NC;True;PALANGRE;EPINEPHELUS AENEUS;188.948143
MRT;2007;2;PNBA;PNBA;NC;True;FILET COURBINE;EPINEPHELUS AENEUS;33.52344
MRT;2007;2;PNBA;PNBA;NC;True;FILET D'EPAULE;EPINEPHELUS AENEUS;5.743812
MRT;2007;2;PNBA;PNBA;NC;True;LIGNE A MAIN;EPINEPHELUS AENEUS;77.010206
MRT;2007;2;SUD NKTT;SUD NKTT;NC;True;FILET COURBINE;EPINEPHELUS AENEUS;270.568426
MRT;2007;3;CENTRE;CENTRE;NC;True;FILET COURBINE;EPINEPHELUS AENEUS;319.011628
MRT;2007;3;CENTRE;CENTRE;NC;True;LIGNE A MAIN;EPINEPHELUS AENEUS;15082.53349
MRT;2007;3;NORD;NORD;NC;True;LIGNE A MAIN;EPINEPHELUS AENEUS;8181.006872
MRT;2007;3;NOUAKCHOTT;NOUAKCHOTT;NC;True;LIGNE A MAIN;EPINEPHELUS AENEUS;5349.756451
MRT;2007;3;NOUAKCHOTT;NOUAKCHOTT;NC;True;POT A POULPES;EPINEPHELUS AENEUS;682
MRT;2007;3;NOUAKCHOTT;NOUAKCHOTT;NC;True;TREMAIL;EPINEPHELUS AENEUS;1437.72973
MRT;2007;3;PNBA;PNBA;NC;True;FILET D'EPAULE;EPINEPHELUS AENEUS;0.315196
MRT;2007;3;PNBA;PNBA;NC;True;LIGNE A MAIN;EPINEPHELUS AENEUS;195.949761
MRT;2007;3;SUD NKTT;SUD NKTT;NC;True;FILET COURBINE;EPINEPHELUS AENEUS;211.058343
MRT;2007;3;SUD NKTT;SUD NKTT;NC;True;FILET MAILLANT;EPINEPHELUS AENEUS;639.013374
MRT;2007;4;CENTRE;CENTRE;NC;True;FILET COURBINE;EPINEPHELUS AENEUS;223.551402
MRT;2007;4;CENTRE;CENTRE;NC;True;TREMAIL;EPINEPHELUS AENEUS;1495.032644
MRT;2007;4;NORD;NORD;NC;True;FILET COURBINE;EPINEPHELUS AENEUS;343.125
MRT;2007;4;NORD;NORD;NC;True;LIGNE A MAIN;EPINEPHELUS AENEUS;9232.396518
MRT;2007;4;NORD;NORD;NC;True;POT A POULPES;EPINEPHELUS AENEUS;522.1875
MRT;2007;4;NOUAKCHOTT;NOUAKCHOTT;NC;True;LIGNE A MAIN;EPINEPHELUS AENEUS;3607.560484
MRT;2007;4;NOUAKCHOTT;NOUAKCHOTT;NC;True;TREMAIL;EPINEPHELUS AENEUS;2004.806819
MRT;2007;4;PNBA;PNBA;NC;True;FILET COURBINE;EPINEPHELUS AENEUS;286.600168
MRT;2007;4;PNBA;PNBA;NC;True;FILET D'EPAULE;EPINEPHELUS AENEUS;0
MRT;2007;4;PNBA;PNBA;NC;True;FILET TOLLO;EPINEPHELUS AENEUS;33.386859
MRT;2007;4;PNBA;PNBA;NC;True;LIGNE A MAIN;EPINEPHELUS AENEUS;194.278277
MRT;2007;4;SUD NKTT;SUD NKTT;NC;True;LIGNE A MAIN;EPINEPHELUS AENEUS;13139.99977
MRT;2007;4;SUD NKTT;SUD NKTT;NC;True;TREMAIL;EPINEPHELUS AENEUS;50.260346
MRT;2007;5;CENTRE;CENTRE;NC;True;FILET COURBINE;EPINEPHELUS AENEUS;175.446809
MRT;2007;5;CENTRE;CENTRE;NC;True;LIGNE A MAIN;EPINEPHELUS AENEUS;18533.86672
MRT;2007;5;CENTRE;CENTRE;NC;True;TREMAIL;EPINEPHELUS AENEUS;497.186086
MRT;2007;5;NORD;NORD;NC;True;FILET COURBINE;EPINEPHELUS AENEUS;167.4
MRT;2007;5;NORD;NORD;NC;True;LIGNE A MAIN;EPINEPHELUS AENEUS;8544.375
MRT;2007;5;NOUAKCHOTT;NOUAKCHOTT;NC;True;LIGNE A MAIN;EPINEPHELUS AENEUS;4363.67073
MRT;2007;5;NOUAKCHOTT;NOUAKCHOTT;NC;True;TREMAIL;EPINEPHELUS AENEUS;1491.55336
MRT;2007;5;PNBA;PNBA;NC;True;FILET COURBINE;EPINEPHELUS AENEUS;1.840407
MRT;2007;5;PNBA;PNBA;NC;True;FILET D'EPAULE;EPINEPHELUS AENEUS;0
MRT;2007;5;PNBA;PNBA;NC;True;FILET TOLLO;EPINEPHELUS AENEUS;105.209944
MRT;2007;5;PNBA;PNBA;NC;True;LIGNE A MAIN;EPINEPHELUS AENEUS;212.942783
MRT;2007;5;SUD NKTT;SUD NKTT;NC;True;LIGNE A MAIN;EPINEPHELUS AENEUS;4748.812447
MRT;2007;5;SUD NKTT;SUD NKTT;NC;True;TREMAIL;EPINEPHELUS AENEUS;86.54694
MRT;2007;6;CENTRE;CENTRE;NC;True;FILET COURBINE;EPINEPHELUS AENEUS;21.521739
MRT;2007;6;CENTRE;CENTRE;NC;True;LIGNE A MAIN;EPINEPHELUS AENEUS;5723.076923
MRT;2007;6;CENTRE;CENTRE;NC;True;TREMAIL;EPINEPHELUS AENEUS;136.829268
MRT;2007;6;NORD;NORD;NC;True;LIGNE A MAIN;EPINEPHELUS AENEUS;3317.895645
MRT;2007;6;NOUAKCHOTT;NOUAKCHOTT;NC;True;LIGNE A MAIN;EPINEPHELUS AENEUS;8033.650182
MRT;2007;6;NOUAKCHOTT;NOUAKCHOTT;NC;True;PALANGRE;EPINEPHELUS AENEUS;5490
MRT;2007;6;NOUAKCHOTT;NOUAKCHOTT;NC;True;TREMAIL;EPINEPHELUS AENEUS;8719.666665
MRT;2007;6;PNBA;PNBA;NC;True;FILET D'EPAULE;EPINEPHELUS AENEUS;0.507043
MRT;2007;6;PNBA;PNBA;NC;True;FILET TOLLO;EPINEPHELUS AENEUS;614.37225
MRT;2007;6;PNBA;PNBA;NC;True;LIGNE A MAIN;EPINEPHELUS AENEUS;434.154712
MRT;2007;6;SUD NKTT;SUD NKTT;NC;True;LIGNE A MAIN;EPINEPHELUS AENEUS;14089.18896
MRT;2007;6;SUD NKTT;SUD NKTT;NC;True;TREMAIL;EPINEPHELUS AENEUS;730.669949
MRT;2007;7;CENTRE;CENTRE;NC;True;LIGNE A MAIN;EPINEPHELUS AENEUS;27081.59954
MRT;2007;7;NORD;NORD;NC;True;FILET SOLE;EPINEPHELUS AENEUS;1055.748528
MRT;2007;7;NORD;NORD;NC;True;LIGNE A MAIN;EPINEPHELUS AENEUS;1805.494505
MRT;2007;7;NOUAKCHOTT;NOUAKCHOTT;NC;True;LIGNE A MAIN;EPINEPHELUS AENEUS;2814.162521
MRT;2007;7;PNBA;PNBA;NC;True;FILET COURBINE;EPINEPHELUS AENEUS;17.793012
MRT;2007;7;PNBA;PNBA;NC;True;FILET TOLLO;EPINEPHELUS AENEUS;28.975951
MRT;2007;7;PNBA;PNBA;NC;True;LIGNE A MAIN;EPINEPHELUS AENEUS;793.248667
MRT;2007;7;SUD NKTT;SUD NKTT;NC;True;LIGNE A MAIN;EPINEPHELUS AENEUS;161773.5
MRT;2007;8;CENTRE;CENTRE;NC;True;LIGNE A MAIN;EPINEPHELUS AENEUS;6661.976813
MRT;2007;8;CENTRE;CENTRE;NC;True;TREMAIL;EPINEPHELUS AENEUS;47.74
MRT;2007;8;NORD;NORD;NC;True;FILET SOLE;EPINEPHELUS AENEUS;224.328524
MRT;2007;8;NORD;NORD;NC;True;LIGNE A MAIN;EPINEPHELUS AENEUS;10454.67654
MRT;2007;8;NOUAKCHOTT;NOUAKCHOTT;NC;True;LIGNE A MAIN;EPINEPHELUS AENEUS;9816.020627
MRT;2007;8;NOUAKCHOTT;NOUAKCHOTT;NC;True;PALANGRE;EPINEPHELUS AENEUS;21961.64024
MRT;2007;8;NOUAKCHOTT;NOUAKCHOTT;NC;True;TREMAIL;EPINEPHELUS AENEUS;2410.672727
MRT;2007;8;PNBA;PNBA;NC;True;FILET COURBINE;EPINEPHELUS AENEUS;8.370766
MRT;2007;8;PNBA;PNBA;NC;True;FILET TOLLO;EPINEPHELUS AENEUS;12.621672
MRT;2007;8;PNBA;PNBA;NC;True;LIGNE A MAIN;EPINEPHELUS AENEUS;722.189056
MRT;2007;8;SUD NKTT;SUD NKTT;NC;True;LIGNE A MAIN;EPINEPHELUS AENEUS;122269.912
MRT;2007;9;NORD;NORD;NC;True;LIGNE A MAIN;EPINEPHELUS AENEUS;6421.800044
MRT;2007;9;NOUAKCHOTT;NOUAKCHOTT;NC;True;LIGNE A MAIN;EPINEPHELUS AENEUS;26349.5
MRT;2007;9;PNBA;PNBA;NC;True;FILET COURBINE;EPINEPHELUS AENEUS;10.689834
MRT;2007;9;PNBA;PNBA;NC;True;FILET D'EPAULE;EPINEPHELUS AENEUS;11.92186
MRT;2007;9;PNBA;PNBA;NC;True;FILET TOLLO;EPINEPHELUS AENEUS;9.584341
MRT;2007;9;PNBA;PNBA;NC;True;LIGNE A MAIN;EPINEPHELUS AENEUS;546.35957
MRT;2007;9;PNBA;PNBA;NC;True;NASSE A POISSONS;EPINEPHELUS AENEUS;1182.682818
MRT;2007;9;SUD NKTT;SUD NKTT;NC;True;LIGNE A MAIN;EPINEPHELUS AENEUS;43290
MRT;2007;10;CENTRE;CENTRE;NC;True;LIGNE A MAIN;EPINEPHELUS AENEUS;2958.471051
MRT;2007;10;CENTRE;CENTRE;NC;True;TREMAIL;EPINEPHELUS AENEUS;100.104167
MRT;2007;10;NORD;NORD;NC;True;LIGNE A MAIN;EPINEPHELUS AENEUS;4138.99423
MRT;2007;10;NOUAKCHOTT;NOUAKCHOTT;NC;True;LIGNE A MAIN;EPINEPHELUS AENEUS;7228.841912
MRT;2007;10;NOUAKCHOTT;NOUAKCHOTT;NC;True;PALANGRE;EPINEPHELUS AENEUS;11569.20003
MRT;2007;10;PNBA;PNBA;NC;True;FILET COURBINE;EPINEPHELUS AENEUS;15.22135
MRT;2007;10;PNBA;PNBA;NC;True;FILET D'EPAULE;EPINEPHELUS AENEUS;71.011129
MRT;2007;10;PNBA;PNBA;NC;True;FILET MULET ENCERCLANT;EPINEPHELUS AENEUS;1.023858
MRT;2007;10;PNBA;PNBA;NC;True;FILET TOLLO;EPINEPHELUS AENEUS;14.196998
MRT;2007;10;PNBA;PNBA;NC;True;LIGNE A MAIN;EPINEPHELUS AENEUS;250.544815
MRT;2007;10;PNBA;PNBA;NC;True;NASSE A POISSONS;EPINEPHELUS AENEUS;1692.941822
MRT;2007;10;SUD NKTT;SUD NKTT;NC;True;LIGNE A MAIN;EPINEPHELUS AENEUS;8530.121696
MRT;2007;11;CENTRE;CENTRE;NC;True;LIGNE A MAIN;EPINEPHELUS AENEUS;31920
MRT;2007;11;NORD;NORD;NC;True;FILET SOLE;EPINEPHELUS AENEUS;1975.679966
MRT;2007;11;NORD;NORD;NC;True;LIGNE A MAIN;EPINEPHELUS AENEUS;2651.249987
MRT;2007;11;PNBA;PNBA;NC;True;FILET COURBINE;EPINEPHELUS AENEUS;6.051017
MRT;2007;11;PNBA;PNBA;NC;True;FILET D'EPAULE;EPINEPHELUS AENEUS;10.379649
MRT;2007;11;PNBA;PNBA;NC;True;FILET MULET ENCERCLANT;EPINEPHELUS AENEUS;1.624273
MRT;2007;11;PNBA;PNBA;NC;True;FILET TOLLO;EPINEPHELUS AENEUS;58.762536
MRT;2007;11;PNBA;PNBA;NC;True;LIGNE A MAIN;EPINEPHELUS AENEUS;1014.875281
MRT;2007;11;SUD NKTT;SUD NKTT;NC;True;LIGNE A MAIN;EPINEPHELUS AENEUS;183960
MRT;2007;11;SUD NKTT;SUD NKTT;NC;True;TREMAIL;EPINEPHELUS AENEUS;22680
MRT;2007;12;CENTRE;CENTRE;NC;True;FILET COURBINE;EPINEPHELUS AENEUS;1777.229992
MRT;2007;12;CENTRE;CENTRE;NC;True;LIGNE A MAIN;EPINEPHELUS AENEUS;1292.683558
MRT;2007;12;CENTRE;CENTRE;NC;True;TREMAIL;EPINEPHELUS AENEUS;1883.180217
MRT;2007;12;NORD;NORD;NC;True;FILET SOLE;EPINEPHELUS AENEUS;1224.583784
MRT;2007;12;NORD;NORD;NC;True;LIGNE A MAIN;EPINEPHELUS AENEUS;6291.289667
MRT;2007;12;NOUAKCHOTT;NOUAKCHOTT;NC;True;LIGNE A MAIN;EPINEPHELUS AENEUS;17182.74222
MRT;2007;12;NOUAKCHOTT;NOUAKCHOTT;NC;True;PALANGRE;EPINEPHELUS AENEUS;3571.200142
MRT;2007;12;NOUAKCHOTT;NOUAKCHOTT;NC;True;TREMAIL;EPINEPHELUS AENEUS;643.085108
MRT;2007;12;PNBA;PNBA;NC;True;FILET COURBINE;EPINEPHELUS AENEUS;53.710663
MRT;2007;12;PNBA;PNBA;NC;True;FILET D'EPAULE;EPINEPHELUS AENEUS;8.17797
MRT;2007;12;PNBA;PNBA;NC;True;FILET MULET ENCERCLANT;EPINEPHELUS AENEUS;14.034938
MRT;2007;12;PNBA;PNBA;NC;True;FILET TOLLO;EPINEPHELUS AENEUS;5.622345
MRT;2007;12;PNBA;PNBA;NC;True;LIGNE A MAIN;EPINEPHELUS AENEUS;84.462193
MRT;2007;12;PNBA;PNBA;NC;True;NASSE A POISSONS;EPINEPHELUS AENEUS;18.193438
MRT;2008;1;NORD;NORD;NC;True;LIGNE A MAIN;EPINEPHELUS AENEUS;4384.5625
MRT;2008;1;NOUAKCHOTT;NOUAKCHOTT;NC;True;LIGNE A MAIN;EPINEPHELUS AENEUS;2984.381159
MRT;2008;1;NOUAKCHOTT;NOUAKCHOTT;NC;True;PALANGRE;EPINEPHELUS AENEUS;20380.87849
MRT;2008;1;NOUAKCHOTT;NOUAKCHOTT;NC;True;TREMAIL;EPINEPHELUS AENEUS;149.904181
MRT;2008;1;PNBA;PNBA;NC;True;FILET COURBINE;EPINEPHELUS AENEUS;25.744573
MRT;2008;1;PNBA;PNBA;NC;True;FILET D'EPAULE;EPINEPHELUS AENEUS;59.939313
MRT;2008;1;PNBA;PNBA;NC;True;FILET MULET ENCERCLANT;EPINEPHELUS AENEUS;15.867372
MRT;2008;1;PNBA;PNBA;NC;True;FILET TOLLO;EPINEPHELUS AENEUS;19.750526
MRT;2008;1;PNBA;PNBA;NC;True;LIGNE A MAIN;EPINEPHELUS AENEUS;566.038404
MRT;2008;2;NORD;NORD;NC;True;LIGNE A MAIN;EPINEPHELUS AENEUS;14229.33333
MRT;2008;2;NORD;NORD;NC;True;POT A POULPES;EPINEPHELUS AENEUS;2682.330645
MRT;2008;2;NOUAKCHOTT;NOUAKCHOTT;NC;True;LIGNE A MAIN;EPINEPHELUS AENEUS;3137.694545
MRT;2008;2;NOUAKCHOTT;NOUAKCHOTT;NC;True;PALANGRE;EPINEPHELUS AENEUS;21866.25
MRT;2008;2;NOUAKCHOTT;NOUAKCHOTT;NC;True;TREMAIL;EPINEPHELUS AENEUS;111.232877
MRT;2008;2;PNBA;PNBA;NC;True;FILET COURBINE;EPINEPHELUS AENEUS;77.679496
MRT;2008;2;PNBA;PNBA;NC;True;FILET D'EPAULE;EPINEPHELUS AENEUS;6.965308
MRT;2008;2;PNBA;PNBA;NC;True;FILET MULET ENCERCLANT;EPINEPHELUS AENEUS;6.949622
MRT;2008;2;PNBA;PNBA;NC;True;FILET TOLLO;EPINEPHELUS AENEUS;30.352551
MRT;2008;2;PNBA;PNBA;NC;True;LIGNE A MAIN;EPINEPHELUS AENEUS;558.245133
MRT;2008;3;CENTRE;CENTRE;NC;True;TREMAIL;EPINEPHELUS AENEUS;528.823529
MRT;2008;3;NORD;NORD;NC;True;FILET SOLE;EPINEPHELUS AENEUS;2533.327032
MRT;2008;3;NORD;NORD;NC;True;LIGNE A MAIN;EPINEPHELUS AENEUS;37229.19275
MRT;2008;3;NOUAKCHOTT;NOUAKCHOTT;NC;True;LIGNE A MAIN;EPINEPHELUS AENEUS;3451.21897
MRT;2008;3;NOUAKCHOTT;NOUAKCHOTT;NC;True;PALANGRE;EPINEPHELUS AENEUS;10728.65424
MRT;2008;3;NOUAKCHOTT;NOUAKCHOTT;NC;True;TREMAIL;EPINEPHELUS AENEUS;71.363265
MRT;2008;3;PNBA;PNBA;NC;True;FILET D'EPAULE;EPINEPHELUS AENEUS;3.326477
MRT;2008;3;PNBA;PNBA;NC;True;LIGNE A MAIN;EPINEPHELUS AENEUS;170.966477
MRT;2008;4;CENTRE;CENTRE;NC;True;FILET COURBINE;EPINEPHELUS AENEUS;142.5
MRT;2008;4;NORD;NORD;NC;True;FILET SOLE;EPINEPHELUS AENEUS;239.150382
MRT;2008;4;NORD;NORD;NC;True;FILET TOLLO;EPINEPHELUS AENEUS;16.000001
MRT;2008;4;NORD;NORD;NC;True;LIGNE A MAIN;EPINEPHELUS AENEUS;22697.5832
MRT;2008;4;NOUAKCHOTT;NOUAKCHOTT;NC;True;FILET MAILLANT;EPINEPHELUS AENEUS;38.261421
MRT;2008;4;NOUAKCHOTT;NOUAKCHOTT;NC;True;LIGNE A MAIN;EPINEPHELUS AENEUS;1782.058005
MRT;2008;4;NOUAKCHOTT;NOUAKCHOTT;NC;True;PALANGRE;EPINEPHELUS AENEUS;1754.108929
MRT;2008;4;NOUAKCHOTT;NOUAKCHOTT;NC;True;TREMAIL;EPINEPHELUS AENEUS;1236.263736
MRT;2008;4;PNBA;PNBA;NC;True;FILET COURBINE;EPINEPHELUS AENEUS;42.489424
MRT;2008;4;PNBA;PNBA;NC;True;FILET D'EPAULE;EPINEPHELUS AENEUS;1912.722477
MRT;2008;4;PNBA;PNBA;NC;True;FILET MULET ENCERCLANT;EPINEPHELUS AENEUS;1.436867
MRT;2008;4;PNBA;PNBA;NC;True;FILET TOLLO;EPINEPHELUS AENEUS;217.101343
MRT;2008;4;PNBA;PNBA;NC;True;LIGNE A MAIN;EPINEPHELUS AENEUS;108.745583
MRT;2008;5;NORD;NORD;NC;True;FILET COURBINE;EPINEPHELUS AENEUS;46.130952
MRT;2008;5;NORD;NORD;NC;True;FILET SOLE;EPINEPHELUS AENEUS;74.264727
MRT;2008;5;NORD;NORD;NC;True;LIGNE A MAIN;EPINEPHELUS AENEUS;30580.96552
MRT;2008;5;NOUAKCHOTT;NOUAKCHOTT;NC;True;LIGNE A MAIN;EPINEPHELUS AENEUS;1478.355556
MRT;2008;5;NOUAKCHOTT;NOUAKCHOTT;NC;True;PALANGRE;EPINEPHELUS AENEUS;35079.59918
MRT;2008;5;NOUAKCHOTT;NOUAKCHOTT;NC;True;TREMAIL;EPINEPHELUS AENEUS;701.375
MRT;2008;5;PNBA;PNBA;NC;True;FILET COURBINE;EPINEPHELUS AENEUS;33.712914
MRT;2008;5;PNBA;PNBA;NC;True;FILET D'EPAULE;EPINEPHELUS AENEUS;3.092379
MRT;2008;5;PNBA;PNBA;NC;True;FILET TOLLO;EPINEPHELUS AENEUS;46.272627
MRT;2008;5;PNBA;PNBA;NC;True;LIGNE A MAIN;EPINEPHELUS AENEUS;767.320144
MRT;2008;6;NORD;NORD;NC;True;FILET SOLE;EPINEPHELUS AENEUS;28.57143
MRT;2008;6;NORD;NORD;NC;True;LIGNE A MAIN;EPINEPHELUS AENEUS;18087.33333
MRT;2008;6;NOUAKCHOTT;NOUAKCHOTT;NC;True;LIGNE A MAIN;EPINEPHELUS AENEUS;13790.19501
MRT;2008;6;NOUAKCHOTT;NOUAKCHOTT;NC;True;PALANGRE;EPINEPHELUS AENEUS;22934.9715
MRT;2008;6;NOUAKCHOTT;NOUAKCHOTT;NC;True;TREMAIL;EPINEPHELUS AENEUS;18.616823
MRT;2008;6;PNBA;PNBA;NC;True;FILET D'EPAULE;EPINEPHELUS AENEUS;9.134255
MRT;2008;6;PNBA;PNBA;NC;True;FILET TOLLO;EPINEPHELUS AENEUS;143.530764
MRT;2008;6;PNBA;PNBA;NC;True;LIGNE A MAIN;EPINEPHELUS AENEUS;605.928274
MRT;2008;6;PNBA;PNBA;NC;True;NASSE A POISSONS;EPINEPHELUS AENEUS;54.826166
MRT;2008;6;SUD NKTT;SUD NKTT;NC;True;LIGNE A MAIN;EPINEPHELUS AENEUS;72375
MRT;2008;7;NORD;NORD;NC;True;FILET SOLE;EPINEPHELUS AENEUS;4836
MRT;2008;7;NORD;NORD;NC;True;LIGNE A MAIN;EPINEPHELUS AENEUS;16357.58244
MRT;2008;7;NOUAKCHOTT;NOUAKCHOTT;NC;True;LIGNE A MAIN;EPINEPHELUS AENEUS;15205.83111
MRT;2008;7;NOUAKCHOTT;NOUAKCHOTT;NC;True;PALANGRE;EPINEPHELUS AENEUS;17753.83902
MRT;2008;7;NOUAKCHOTT;NOUAKCHOTT;NC;True;TREMAIL;EPINEPHELUS AENEUS;314.811941
MRT;2008;7;PNBA;PNBA;NC;True;FILET MULET ENCERCLANT;EPINEPHELUS AENEUS;18.063079
MRT;2008;7;PNBA;PNBA;NC;True;FILET TOLLO;EPINEPHELUS AENEUS;17.150274
MRT;2008;7;PNBA;PNBA;NC;True;LIGNE A MAIN;EPINEPHELUS AENEUS;981.594999
MRT;2008;7;PNBA;PNBA;NC;True;NASSE A POISSONS;EPINEPHELUS AENEUS;564.043335
MRT;2008;7;SUD NKTT;SUD NKTT;NC;True;LIGNE A MAIN;EPINEPHELUS AENEUS;86203.45946
MRT;2008;8;CENTRE;CENTRE;NC;True;LIGNE A MAIN;EPINEPHELUS AENEUS;26821.78125
MRT;2008;8;NORD;NORD;NC;True;FILET SOLE;EPINEPHELUS AENEUS;488.779414
MRT;2008;8;NORD;NORD;NC;True;LIGNE A MAIN;EPINEPHELUS AENEUS;22744.81072
MRT;2008;8;NOUAKCHOTT;NOUAKCHOTT;NC;True;LIGNE A MAIN;EPINEPHELUS AENEUS;12679.2456
MRT;2008;8;NOUAKCHOTT;NOUAKCHOTT;NC;True;PALANGRE;EPINEPHELUS AENEUS;61088.60025
MRT;2008;8;NOUAKCHOTT;NOUAKCHOTT;NC;True;POT A POULPES;EPINEPHELUS AENEUS;71.372093
MRT;2008;8;NOUAKCHOTT;NOUAKCHOTT;NC;True;TREMAIL;EPINEPHELUS AENEUS;102.434783
MRT;2008;8;PNBA;PNBA;NC;True;FILET D'EPAULE;EPINEPHELUS AENEUS;32.773436
MRT;2008;8;PNBA;PNBA;NC;True;FILET SOLE;EPINEPHELUS AENEUS;8.372439
MRT;2008;8;PNBA;PNBA;NC;True;LIGNE A MAIN;EPINEPHELUS AENEUS;1080.269096
MRT;2008;8;PNBA;PNBA;NC;True;NASSE A POISSONS;EPINEPHELUS AENEUS;1724.803907
MRT;2008;8;SUD NKTT;SUD NKTT;NC;True;LIGNE A MAIN;EPINEPHELUS AENEUS;73632.74158
MRT;2008;9;CENTRE;CENTRE;NC;True;LIGNE A MAIN;EPINEPHELUS AENEUS;26013.0913
MRT;2008;9;NORD;NORD;NC;True;FILET SOLE;EPINEPHELUS AENEUS;3801.000013
MRT;2008;9;NORD;NORD;NC;True;LIGNE A MAIN;EPINEPHELUS AENEUS;20958.42508
MRT;2008;9;NOUAKCHOTT;NOUAKCHOTT;NC;True;FILET SOLE;EPINEPHELUS AENEUS;18.461538
MRT;2008;9;NOUAKCHOTT;NOUAKCHOTT;NC;True;LIGNE A MAIN;EPINEPHELUS AENEUS;12028.67655
MRT;2008;9;NOUAKCHOTT;NOUAKCHOTT;NC;True;PALANGRE;EPINEPHELUS AENEUS;36438.96009
MRT;2008;9;PNBA;PNBA;NC;True;LIGNE A MAIN;EPINEPHELUS AENEUS;21.754377
MRT;2008;9;PNBA;PNBA;NC;True;NASSE A POISSONS;EPINEPHELUS AENEUS;746.14182
MRT;2008;9;SUD NKTT;SUD NKTT;NC;True;LIGNE A MAIN;EPINEPHELUS AENEUS;48402.43263
MRT;2008;10;CENTRE;CENTRE;NC;True;LIGNE A MAIN;EPINEPHELUS AENEUS;11021.73912
MRT;2008;10;CENTRE;CENTRE;NC;True;TREMAIL;EPINEPHELUS AENEUS;469.816075
MRT;2008;10;NORD;NORD;NC;True;FILET COURBINE;EPINEPHELUS AENEUS;206.666667
MRT;2008;10;NORD;NORD;NC;True;FILET SOLE;EPINEPHELUS AENEUS;5029.153846
MRT;2008;10;NORD;NORD;NC;True;LIGNE A MAIN;EPINEPHELUS AENEUS;22943.14601
MRT;2008;10;NOUAKCHOTT;NOUAKCHOTT;NC;True;FILET MAILLANT;EPINEPHELUS AENEUS;173.599996
MRT;2008;10;NOUAKCHOTT;NOUAKCHOTT;NC;True;LIGNE A MAIN;EPINEPHELUS AENEUS;10837.4874
MRT;2008;10;NOUAKCHOTT;NOUAKCHOTT;NC;True;PALANGRE;EPINEPHELUS AENEUS;12557.77528
MRT;2008;10;PNBA;PNBA;NC;True;FILET COURBINE;EPINEPHELUS AENEUS;14.777298
MRT;2008;10;PNBA;PNBA;NC;True;FILET D'EPAULE;EPINEPHELUS AENEUS;64.329312
MRT;2008;10;PNBA;PNBA;NC;True;FILET MULET ENCERCLANT;EPINEPHELUS AENEUS;11.599873
MRT;2008;10;PNBA;PNBA;NC;True;FILET TOLLO;EPINEPHELUS AENEUS;27.909937
MRT;2008;10;PNBA;PNBA;NC;True;LIGNE A MAIN;EPINEPHELUS AENEUS;54.022268
MRT;2008;10;SUD NKTT;SUD NKTT;NC;True;LIGNE A MAIN;EPINEPHELUS AENEUS;35518.66884
MRT;2008;11;CENTRE;CENTRE;NC;True;LIGNE A MAIN;EPINEPHELUS AENEUS;170.625003
MRT;2008;11;CENTRE;CENTRE;NC;True;TREMAIL;EPINEPHELUS AENEUS;267.571942
MRT;2008;11;NORD;NORD;NC;True;FILET SOLE;EPINEPHELUS AENEUS;764.689686
MRT;2008;11;NORD;NORD;NC;True;LIGNE A MAIN;EPINEPHELUS AENEUS;32448.33445
MRT;2008;11;PNBA;PNBA;NC;True;FILET D'EPAULE;EPINEPHELUS AENEUS;16.648527
MRT;2008;11;PNBA;PNBA;NC;True;LIGNE A MAIN;EPINEPHELUS AENEUS;221.37114
MRT;2008;11;SUD NKTT;SUD NKTT;NC;True;LIGNE A MAIN;EPINEPHELUS AENEUS;47092.49984
MRT;2008;12;CENTRE;CENTRE;NC;True;LIGNE A MAIN;EPINEPHELUS AENEUS;48.331819
MRT;2008;12;CENTRE;CENTRE;NC;True;POT A POULPES;EPINEPHELUS AENEUS;84.471616
MRT;2008;12;CENTRE;CENTRE;NC;True;TREMAIL;EPINEPHELUS AENEUS;139.5
MRT;2008;12;NORD;NORD;NC;True;LIGNE A MAIN;EPINEPHELUS AENEUS;2207.079995
MRT;2008;12;NOUAKCHOTT;NOUAKCHOTT;NC;True;LIGNE A MAIN;EPINEPHELUS AENEUS;5951.20852
MRT;2008;12;NOUAKCHOTT;NOUAKCHOTT;NC;True;PALANGRE;EPINEPHELUS AENEUS;25466.61488
MRT;2008;12;NOUAKCHOTT;NOUAKCHOTT;NC;True;POT A POULPES;EPINEPHELUS AENEUS;8589.536239
MRT;2008;12;NOUAKCHOTT;NOUAKCHOTT;NC;True;TREMAIL;EPINEPHELUS AENEUS;77.781821
MRT;2008;12;PNBA;PNBA;NC;True;FILET D'EPAULE;EPINEPHELUS AENEUS;5.773809
MRT;2008;12;PNBA;PNBA;NC;True;FILET TOLLO;EPINEPHELUS AENEUS;8.860297
MRT;2009;1;NORD;NORD;NC;True;LIGNE A MAIN;EPINEPHELUS AENEUS;1215.2
MRT;2009;1;NOUAKCHOTT;NOUAKCHOTT;NC;True;LIGNE A MAIN;EPINEPHELUS AENEUS;30280.8
MRT;2009;1;NOUAKCHOTT;NOUAKCHOTT;NC;True;PALANGRE;EPINEPHELUS AENEUS;3490.165649
MRT;2009;1;PNBA;PNBA;NC;True;FILET COURBINE;EPINEPHELUS AENEUS;97.469015
MRT;2009;1;PNBA;PNBA;NC;True;FILET D'EPAULE;EPINEPHELUS AENEUS;42.254641
MRT;2009;1;PNBA;PNBA;NC;True;FILET MULET ENCERCLANT;EPINEPHELUS AENEUS;2.296544
MRT;2009;1;PNBA;PNBA;NC;True;FILET TOLLO;EPINEPHELUS AENEUS;28.563407
MRT;2009;1;PNBA;PNBA;NC;True;LIGNE A MAIN;EPINEPHELUS AENEUS;46.198067
MRT;2009;2;NORD;NORD;NC;True;FILET SOLE;EPINEPHELUS AENEUS;296.517986
MRT;2009;2;NORD;NORD;NC;True;LIGNE A MAIN;EPINEPHELUS AENEUS;1218.615999
MRT;2009;2;NOUAKCHOTT;NOUAKCHOTT;NC;True;TREMAIL;EPINEPHELUS AENEUS;35.687861
MRT;2009;2;PNBA;PNBA;NC;True;FILET COURBINE;EPINEPHELUS AENEUS;17.770562
MRT;2009;2;PNBA;PNBA;NC;True;FILET D'EPAULE;EPINEPHELUS AENEUS;21.514611
MRT;2009;2;PNBA;PNBA;NC;True;FILET MULET ENCERCLANT;EPINEPHELUS AENEUS;13.469446
MRT;2009;2;PNBA;PNBA;NC;True;LIGNE A MAIN;EPINEPHELUS AENEUS;184.826999
MRT;2009;3;CENTRE;CENTRE;NC;True;FILET COURBINE;EPINEPHELUS AENEUS;299.613673
MRT;2009;3;CENTRE;CENTRE;NC;True;LIGNE A MAIN;EPINEPHELUS AENEUS;5425
MRT;2009;3;CENTRE;CENTRE;NC;True;TREMAIL;EPINEPHELUS AENEUS;4366.788672
MRT;2009;3;NORD;NORD;NC;True;FILET COURBINE;EPINEPHELUS AENEUS;643.997032
MRT;2009;3;NORD;NORD;NC;True;LIGNE A MAIN;EPINEPHELUS AENEUS;14247.38646
MRT;2009;3;NOUAKCHOTT;NOUAKCHOTT;NC;True;LIGNE A MAIN;EPINEPHELUS AENEUS;312.089888
MRT;2009;3;NOUAKCHOTT;NOUAKCHOTT;NC;True;PALANGRE;EPINEPHELUS AENEUS;33854.42208
MRT;2009;3;PNBA;PNBA;NC;True;FILET COURBINE;EPINEPHELUS AENEUS;43.498958
MRT;2009;3;PNBA;PNBA;NC;True;FILET D'EPAULE;EPINEPHELUS AENEUS;20.515155
MRT;2009;3;PNBA;PNBA;NC;True;FILET MULET ENCERCLANT;EPINEPHELUS AENEUS;32.923389
MRT;2009;3;PNBA;PNBA;NC;True;LIGNE A MAIN;EPINEPHELUS AENEUS;127.247541
MRT;2009;4;CENTRE;CENTRE;NC;True;FILET COURBINE;EPINEPHELUS AENEUS;49.756098
MRT;2009;4;CENTRE;CENTRE;NC;True;LIGNE A MAIN;EPINEPHELUS AENEUS;2235.511364
MRT;2009;4;CENTRE;CENTRE;NC;True;TREMAIL;EPINEPHELUS AENEUS;217.241379
MRT;2009;4;NORD;NORD;NC;True;FILET SOLE;EPINEPHELUS AENEUS;141.691891
MRT;2009;4;NORD;NORD;NC;True;FILET TOLLO;EPINEPHELUS AENEUS;79.46129
MRT;2009;4;NORD;NORD;NC;True;LIGNE A MAIN;EPINEPHELUS AENEUS;16076.69475
MRT;2009;4;NOUAKCHOTT;NOUAKCHOTT;NC;True;LIGNE A MAIN;EPINEPHELUS AENEUS;822.12766
MRT;2009;4;NOUAKCHOTT;NOUAKCHOTT;NC;True;PALANGRE;EPINEPHELUS AENEUS;11051.02701
MRT;2009;4;NOUAKCHOTT;NOUAKCHOTT;NC;True;TURLUTTE;EPINEPHELUS AENEUS;1885.999961
MRT;2009;4;PNBA;PNBA;NC;True;FILET COURBINE;EPINEPHELUS AENEUS;199.04903
MRT;2009;4;PNBA;PNBA;NC;True;FILET MULET ENCERCLANT;EPINEPHELUS AENEUS;29.735407
MRT;2009;4;PNBA;PNBA;NC;True;FILET TOLLO;EPINEPHELUS AENEUS;46.451376
MRT;2009;4;PNBA;PNBA;NC;True;LIGNE A MAIN;EPINEPHELUS AENEUS;310.831769
MRT;2009;4;SUD NKTT;SUD NKTT;NC;True;FILET COURBINE;EPINEPHELUS AENEUS;38.028169
MRT;2009;5;CENTRE;CENTRE;NC;True;FILET COURBINE;EPINEPHELUS AENEUS;51.000438
MRT;2009;5;CENTRE;CENTRE;NC;True;LIGNE A MAIN;EPINEPHELUS AENEUS;3504.114076
MRT;2009;5;NORD;NORD;NC;True;FILET COURBINE;EPINEPHELUS AENEUS;328.859041
MRT;2009;5;NORD;NORD;NC;True;FILET SOLE;EPINEPHELUS AENEUS;145.510204
MRT;2009;5;NORD;NORD;NC;True;LIGNE A MAIN;EPINEPHELUS AENEUS;11319.42859
MRT;2009;5;NOUAKCHOTT;NOUAKCHOTT;NC;True;LIGNE A MAIN;EPINEPHELUS AENEUS;2714.464122
MRT;2009;5;NOUAKCHOTT;NOUAKCHOTT;NC;True;PALANGRE;EPINEPHELUS AENEUS;11547.11262
MRT;2009;5;PNBA;PNBA;NC;True;FILET COURBINE;EPINEPHELUS AENEUS;118.971877
MRT;2009;5;PNBA;PNBA;NC;True;FILET MULET ENCERCLANT;EPINEPHELUS AENEUS;9.467944
MRT;2009;5;PNBA;PNBA;NC;True;LIGNE A MAIN;EPINEPHELUS AENEUS;224.86833
MRT;2009;5;SUD NKTT;SUD NKTT;NC;True;FILET COURBINE;EPINEPHELUS AENEUS;11.326923
MRT;2009;5;SUD NKTT;SUD NKTT;NC;True;LIGNE A MAIN;EPINEPHELUS AENEUS;439.166667
MRT;2009;6;CENTRE;CENTRE;NC;True;LIGNE A MAIN;EPINEPHELUS AENEUS;727.5
MRT;2009;6;NORD;NORD;NC;True;FILET SOLE;EPINEPHELUS AENEUS;457.699765
MRT;2009;6;NORD;NORD;NC;True;LIGNE A MAIN;EPINEPHELUS AENEUS;15793.27764
MRT;2009;6;NOUAKCHOTT;NOUAKCHOTT;NC;True;LIGNE A MAIN;EPINEPHELUS AENEUS;727.022367
MRT;2009;6;PNBA;PNBA;NC;True;FILET COURBINE;EPINEPHELUS AENEUS;140.259743
MRT;2009;6;PNBA;PNBA;NC;True;FILET MULET ENCERCLANT;EPINEPHELUS AENEUS;18.925015
MRT;2009;6;SUD NKTT;SUD NKTT;NC;True;FILET COURBINE;EPINEPHELUS AENEUS;303.545455
MRT;2009;6;SUD NKTT;SUD NKTT;NC;True;LIGNE A MAIN;EPINEPHELUS AENEUS;4476.483862
MRT;2009;7;NORD;NORD;NC;True;LIGNE A MAIN;EPINEPHELUS AENEUS;30633.16667
MRT;2009;7;NOUAKCHOTT;NOUAKCHOTT;NC;True;LIGNE A MAIN;EPINEPHELUS AENEUS;2615.625011
MRT;2009;7;NOUAKCHOTT;NOUAKCHOTT;NC;True;TREMAIL;EPINEPHELUS AENEUS;326.44898
MRT;2009;7;PNBA;PNBA;NC;True;FILET COURBINE;EPINEPHELUS AENEUS;42.525341
MRT;2009;7;PNBA;PNBA;NC;True;FILET TOLLO;EPINEPHELUS AENEUS;154.106224
MRT;2009;7;PNBA;PNBA;NC;True;LIGNE A MAIN;EPINEPHELUS AENEUS;208.936624
MRT;2009;7;SUD NKTT;SUD NKTT;NC;True;LIGNE A MAIN;EPINEPHELUS AENEUS;6258.704028
MRT;2009;8;CENTRE;CENTRE;NC;True;LIGNE A MAIN;EPINEPHELUS AENEUS;2202.347826
MRT;2009;8;NORD;NORD;NC;True;FILET COURBINE;EPINEPHELUS AENEUS;701.578947
MRT;2009;8;NORD;NORD;NC;True;LIGNE A MAIN;EPINEPHELUS AENEUS;35295.71429
MRT;2009;8;NOUAKCHOTT;NOUAKCHOTT;NC;True;LIGNE A MAIN;EPINEPHELUS AENEUS;7588.437942
MRT;2009;8;NOUAKCHOTT;NOUAKCHOTT;NC;True;PALANGRE;EPINEPHELUS AENEUS;19344
MRT;2009;8;PNBA;PNBA;NC;True;FILET COURBINE;EPINEPHELUS AENEUS;5.260296
MRT;2009;8;PNBA;PNBA;NC;True;FILET D'EPAULE;EPINEPHELUS AENEUS;18.134179
MRT;2009;8;PNBA;PNBA;NC;True;LIGNE A MAIN;EPINEPHELUS AENEUS;978.461363
MRT;2009;8;PNBA;PNBA;NC;True;NASSE A POISSONS;EPINEPHELUS AENEUS;105.205923
MRT;2009;8;SUD NKTT;SUD NKTT;NC;True;LIGNE A MAIN;EPINEPHELUS AENEUS;1380.909091
MRT;2009;9;CENTRE;CENTRE;NC;True;LIGNE A MAIN;EPINEPHELUS AENEUS;3533.049983
MRT;2009;9;NORD;NORD;NC;True;LIGNE A MAIN;EPINEPHELUS AENEUS;23495.54795
MRT;2009;9;NOUAKCHOTT;NOUAKCHOTT;NC;True;LIGNE A MAIN;EPINEPHELUS AENEUS;5422.898222
MRT;2009;9;PNBA;PNBA;NC;True;FILET D'EPAULE;EPINEPHELUS AENEUS;12.244922
MRT;2009;9;PNBA;PNBA;NC;True;LIGNE A MAIN;EPINEPHELUS AENEUS;172.90909
MRT;2009;9;PNBA;PNBA;NC;True;NASSE A POISSONS;EPINEPHELUS AENEUS;53.865432
MRT;2009;9;SUD NKTT;SUD NKTT;NC;True;LIGNE A MAIN;EPINEPHELUS AENEUS;24408.48214
MRT;2009;10;CENTRE;CENTRE;NC;True;LIGNE A MAIN;EPINEPHELUS AENEUS;1255.5
MRT;2009;10;NORD;NORD;NC;True;FILET SOLE;EPINEPHELUS AENEUS;1126.333333
MRT;2009;10;NORD;NORD;NC;True;LIGNE A MAIN;EPINEPHELUS AENEUS;23575.76567
MRT;2009;10;NOUAKCHOTT;NOUAKCHOTT;NC;True;LIGNE A MAIN;EPINEPHELUS AENEUS;12199.7916
MRT;2009;10;NOUAKCHOTT;NOUAKCHOTT;NC;True;PALANGRE;EPINEPHELUS AENEUS;10051.87752
MRT;2009;10;NOUAKCHOTT;NOUAKCHOTT;NC;True;TREMAIL;EPINEPHELUS AENEUS;1448.388889
MRT;2009;10;PNBA;PNBA;NC;True;FILET COURBINE;EPINEPHELUS AENEUS;10.924351
MRT;2009;10;PNBA;PNBA;NC;True;FILET D'EPAULE;EPINEPHELUS AENEUS;8.495378
MRT;2009;10;PNBA;PNBA;NC;True;LIGNE A MAIN;EPINEPHELUS AENEUS;270.731645
MRT;2009;10;SUD NKTT;SUD NKTT;NC;True;PALANGRE;EPINEPHELUS AENEUS;725.59375
MRT;2009;11;CENTRE;CENTRE;NC;True;LIGNE A MAIN;EPINEPHELUS AENEUS;7422.857135
MRT;2009;11;NORD;NORD;NC;True;FILET SOLE;EPINEPHELUS AENEUS;510.578947
MRT;2009;11;NORD;NORD;NC;True;FILET TOLLO;EPINEPHELUS AENEUS;148.235294
MRT;2009;11;NORD;NORD;NC;True;LIGNE A MAIN;EPINEPHELUS AENEUS;27143.3475
MRT;2009;11;NOUAKCHOTT;NOUAKCHOTT;NC;True;LIGNE A MAIN;EPINEPHELUS AENEUS;23926.69576
MRT;2009;11;NOUAKCHOTT;NOUAKCHOTT;NC;True;PALANGRE;EPINEPHELUS AENEUS;10174.19345
MRT;2009;11;NOUAKCHOTT;NOUAKCHOTT;NC;True;TREMAIL;EPINEPHELUS AENEUS;34.714286
MRT;2009;11;PNBA;PNBA;NC;True;FILET COURBINE;EPINEPHELUS AENEUS;47.443063
MRT;2009;11;PNBA;PNBA;NC;True;LIGNE A MAIN;EPINEPHELUS AENEUS;488.506167
MRT;2009;11;SUD NKTT;SUD NKTT;NC;True;LIGNE A MAIN;EPINEPHELUS AENEUS;32962.28566
MRT;2009;12;NORD;NORD;NC;True;FILET COURBINE;EPINEPHELUS AENEUS;1503.844453
MRT;2009;12;NORD;NORD;NC;True;FILET SOLE;EPINEPHELUS AENEUS;822.794505
MRT;2009;12;NORD;NORD;NC;True;FILET TOLLO;EPINEPHELUS AENEUS;271.719478
MRT;2009;12;NORD;NORD;NC;True;LIGNE A MAIN;EPINEPHELUS AENEUS;16451.25222
MRT;2009;12;NOUAKCHOTT;NOUAKCHOTT;NC;True;LIGNE A MAIN;EPINEPHELUS AENEUS;22426.95004
MRT;2009;12;NOUAKCHOTT;NOUAKCHOTT;NC;True;PALANGRE;EPINEPHELUS AENEUS;77575.94779
MRT;2009;12;NOUAKCHOTT;NOUAKCHOTT;NC;True;TREMAIL;EPINEPHELUS AENEUS;43040.5274
MRT;2009;12;PNBA;PNBA;NC;True;FILET COURBINE;EPINEPHELUS AENEUS;49.406602
MRT;2009;12;PNBA;PNBA;NC;True;FILET D'EPAULE;EPINEPHELUS AENEUS;35.3884
MRT;2009;12;PNBA;PNBA;NC;True;FILET MULET ENCERCLANT;EPINEPHELUS AENEUS;19.147478
MRT;2009;12;PNBA;PNBA;NC;True;LIGNE A MAIN;EPINEPHELUS AENEUS;559.935979
MRT;2010;1;CENTRE;CENTRE;NC;True;FILET COURBINE;EPINEPHELUS AENEUS;60.807692
MRT;2010;1;CENTRE;CENTRE;NC;True;LIGNE A MAIN;EPINEPHELUS AENEUS;2005.565217
MRT;2010;1;CENTRE;CENTRE;NC;True;TREMAIL;EPINEPHELUS AENEUS;372
MRT;2010;1;NORD;NORD;NC;True;FILET COURBINE;EPINEPHELUS AENEUS;2482.652406
MRT;2010;1;NORD;NORD;NC;True;FILET SOLE;EPINEPHELUS AENEUS;97.260042
MRT;2010;1;NORD;NORD;NC;True;LIGNE A MAIN;EPINEPHELUS AENEUS;24267.47525
MRT;2010;1;NORD;NORD;NC;True;POT A POULPES;EPINEPHELUS AENEUS;177.144672
MRT;2010;1;NOUAKCHOTT;NOUAKCHOTT;NC;True;LIGNE A MAIN;EPINEPHELUS AENEUS;8197.777778
MRT;2010;1;NOUAKCHOTT;NOUAKCHOTT;NC;True;PALANGRE;EPINEPHELUS AENEUS;3472
MRT;2010;1;PNBA;PNBA;NC;True;FILET COURBINE;EPINEPHELUS AENEUS;17.951992
MRT;2010;1;PNBA;PNBA;NC;True;FILET D'EPAULE;EPINEPHELUS AENEUS;21.586226
MRT;2010;1;PNBA;PNBA;NC;True;LIGNE A MAIN;EPINEPHELUS AENEUS;202.818246
MRT;2010;2;NORD;NORD;NC;True;LIGNE A MAIN;EPINEPHELUS AENEUS;24819.2
MRT;2010;2;NOUAKCHOTT;NOUAKCHOTT;NC;True;LIGNE A MAIN;EPINEPHELUS AENEUS;6643.506198
MRT;2010;2;PNBA;PNBA;NC;True;FILET COURBINE;EPINEPHELUS AENEUS;112.770866
MRT;2010;2;PNBA;PNBA;NC;True;FILET D'EPAULE;EPINEPHELUS AENEUS;31.108729
MRT;2010;2;PNBA;PNBA;NC;True;FILET TOLLO;EPINEPHELUS AENEUS;9.473686
MRT;2010;2;PNBA;PNBA;NC;True;LIGNE A MAIN;EPINEPHELUS AENEUS;115.50832
MRT;2010;2;SUD NKTT;SUD NKTT;NC;True;TREMAIL;EPINEPHELUS AENEUS;162.75
MRT;2010;3;NORD;NORD;NC;True;FILET COURBINE;EPINEPHELUS AENEUS;613.193727
MRT;2010;3;NORD;NORD;NC;True;FILET SOLE;EPINEPHELUS AENEUS;136.99608
MRT;2010;3;NORD;NORD;NC;True;LIGNE A MAIN;EPINEPHELUS AENEUS;11279.08679
MRT;2010;3;NOUAKCHOTT;NOUAKCHOTT;NC;True;LIGNE A MAIN;EPINEPHELUS AENEUS;3470.541176
MRT;2010;3;NOUAKCHOTT;NOUAKCHOTT;NC;True;PALANGRE;EPINEPHELUS AENEUS;7738.227848
MRT;2010;3;PNBA;PNBA;NC;True;FILET COURBINE;EPINEPHELUS AENEUS;147.98148
MRT;2010;3;PNBA;PNBA;NC;True;FILET MULET ENCERCLANT;EPINEPHELUS AENEUS;52.715157
MRT;2010;3;PNBA;PNBA;NC;True;LIGNE A MAIN;EPINEPHELUS AENEUS;675.342491
MRT;2010;3;SUD NKTT;SUD NKTT;NC;True;FILET COURBINE;EPINEPHELUS AENEUS;250.646341
MRT;2010;3;SUD NKTT;SUD NKTT;NC;True;FILET SOLE;EPINEPHELUS AENEUS;430.661538
MRT;2010;3;SUD NKTT;SUD NKTT;NC;True;TREMAIL;EPINEPHELUS AENEUS;227.672131
MRT;2010;4;NORD;NORD;NC;True;FILET SOLE;EPINEPHELUS AENEUS;263.59447
MRT;2010;4;NORD;NORD;NC;True;LIGNE A MAIN;EPINEPHELUS AENEUS;21156.27632
MRT;2010;4;NORD;NORD;NC;True;POT A POULPES;EPINEPHELUS AENEUS;11.779316
MRT;2010;4;NOUAKCHOTT;NOUAKCHOTT;NC;True;LIGNE A MAIN;EPINEPHELUS AENEUS;24439.90909
MRT;2010;4;NOUAKCHOTT;NOUAKCHOTT;NC;True;PALANGRE;EPINEPHELUS AENEUS;241380
MRT;2010;4;NOUAKCHOTT;NOUAKCHOTT;NC;True;TREMAIL;EPINEPHELUS AENEUS;250.434783
MRT;2010;4;PNBA;PNBA;NC;True;FILET COURBINE;EPINEPHELUS AENEUS;128.864313
MRT;2010;4;PNBA;PNBA;NC;True;FILET MULET ENCERCLANT;EPINEPHELUS AENEUS;12.233888
MRT;2010;4;PNBA;PNBA;NC;True;FILET TOLLO;EPINEPHELUS AENEUS;30.536421
MRT;2010;4;PNBA;PNBA;NC;True;LIGNE A MAIN;EPINEPHELUS AENEUS;261.451769
MRT;2010;4;SUD NKTT;SUD NKTT;NC;True;FILET SOLE;EPINEPHELUS AENEUS;95.05618
MRT;2010;4;SUD NKTT;SUD NKTT;NC;True;LIGNE A MAIN;EPINEPHELUS AENEUS;1495.5
MRT;2010;4;SUD NKTT;SUD NKTT;NC;True;TREMAIL;EPINEPHELUS AENEUS;385.846154
MRT;2010;5;CENTRE;CENTRE;NC;True;FILET COURBINE;EPINEPHELUS AENEUS;56.495327
MRT;2010;5;NORD;NORD;NC;True;FILET COURBINE;EPINEPHELUS AENEUS;99.920581
MRT;2010;5;NORD;NORD;NC;True;LIGNE A MAIN;EPINEPHELUS AENEUS;3259.504372
MRT;2010;5;NOUAKCHOTT;NOUAKCHOTT;NC;True;LIGNE A MAIN;EPINEPHELUS AENEUS;8573.026866
MRT;2010;5;NOUAKCHOTT;NOUAKCHOTT;NC;True;PALANGRE;EPINEPHELUS AENEUS;2710.285714
MRT;2010;5;PNBA;PNBA;NC;True;FILET COURBINE;EPINEPHELUS AENEUS;44.872245
MRT;2010;5;PNBA;PNBA;NC;True;FILET MULET ENCERCLANT;EPINEPHELUS AENEUS;9.141713
MRT;2010;5;PNBA;PNBA;NC;True;LIGNE A MAIN;EPINEPHELUS AENEUS;69.232741
MRT;2010;5;SUD NKTT;SUD NKTT;NC;True;FILET COURBINE;EPINEPHELUS AENEUS;218.347826
MRT;2010;5;SUD NKTT;SUD NKTT;NC;True;FILET SOLE;EPINEPHELUS AENEUS;32.8
MRT;2010;5;SUD NKTT;SUD NKTT;NC;True;LIGNE A MAIN;EPINEPHELUS AENEUS;6964.323902
MRT;2010;5;SUD NKTT;SUD NKTT;NC;True;TREMAIL;EPINEPHELUS AENEUS;417.090909
MRT;2010;6;CENTRE;CENTRE;NC;True;LIGNE A MAIN;EPINEPHELUS AENEUS;602.560976
MRT;2010;6;NORD;NORD;NC;True;FILET COURBINE;EPINEPHELUS AENEUS;213.87541
MRT;2010;6;NORD;NORD;NC;True;LIGNE A MAIN;EPINEPHELUS AENEUS;14859.33333
MRT;2010;6;NOUAKCHOTT;NOUAKCHOTT;NC;True;LIGNE A MAIN;EPINEPHELUS AENEUS;7585.846154
MRT;2010;6;NOUAKCHOTT;NOUAKCHOTT;NC;True;PALANGRE;EPINEPHELUS AENEUS;37240
MRT;2010;6;NOUAKCHOTT;NOUAKCHOTT;NC;True;TREMAIL;EPINEPHELUS AENEUS;603.428571
MRT;2010;6;PNBA;PNBA;NC;True;FILET D'EPAULE;EPINEPHELUS AENEUS;3.004412
MRT;2010;6;PNBA;PNBA;NC;True;FILET MULET ENCERCLANT;EPINEPHELUS AENEUS;7.085
MRT;2010;6;PNBA;PNBA;NC;True;FILET TOLLO;EPINEPHELUS AENEUS;170.102354
MRT;2010;6;PNBA;PNBA;NC;True;LIGNE A MAIN;EPINEPHELUS AENEUS;313.346442
MRT;2010;6;SUD NKTT;SUD NKTT;NC;True;FILET SOLE;EPINEPHELUS AENEUS;154.285714
MRT;2010;6;SUD NKTT;SUD NKTT;NC;True;LIGNE A MAIN;EPINEPHELUS AENEUS;6204.361446
MRT;2010;7;CENTRE;CENTRE;NC;True;LIGNE A MAIN;EPINEPHELUS AENEUS;8538.384706
MRT;2010;7;NORD;NORD;NC;True;LIGNE A MAIN;EPINEPHELUS AENEUS;26638.37154
MRT;2010;7;NOUAKCHOTT;NOUAKCHOTT;NC;True;LIGNE A MAIN;EPINEPHELUS AENEUS;6742.19
MRT;2010;7;PNBA;PNBA;NC;True;FILET TOLLO;EPINEPHELUS AENEUS;12.142305
MRT;2010;7;PNBA;PNBA;NC;True;LIGNE A MAIN;EPINEPHELUS AENEUS;267.130719
MRT;2010;7;SUD NKTT;SUD NKTT;NC;True;LIGNE A MAIN;EPINEPHELUS AENEUS;15257.70682
MRT;2010;8;CENTRE;CENTRE;NC;True;LIGNE A MAIN;EPINEPHELUS AENEUS;1717.093069
MRT;2010;8;NORD;NORD;NC;True;FILET TOLLO;EPINEPHELUS AENEUS;195.3
MRT;2010;8;NORD;NORD;NC;True;LIGNE A MAIN;EPINEPHELUS AENEUS;26029.39512
MRT;2010;8;NOUAKCHOTT;NOUAKCHOTT;NC;True;LIGNE A MAIN;EPINEPHELUS AENEUS;20721.98444
MRT;2010;8;NOUAKCHOTT;NOUAKCHOTT;NC;True;PALANGRE;EPINEPHELUS AENEUS;75916.75
MRT;2010;8;PNBA;PNBA;NC;True;FILET COURBINE;EPINEPHELUS AENEUS;7.906346
MRT;2010;8;PNBA;PNBA;NC;True;FILET D'EPAULE;EPINEPHELUS AENEUS;27.790807
MRT;2010;8;PNBA;PNBA;NC;True;FILET TOLLO;EPINEPHELUS AENEUS;13.218833
MRT;2010;8;PNBA;PNBA;NC;True;LIGNE A MAIN;EPINEPHELUS AENEUS;1032.390866
MRT;2010;8;SUD NKTT;SUD NKTT;NC;True;LIGNE A MAIN;EPINEPHELUS AENEUS;15427.97016
MRT;2010;9;CENTRE;CENTRE;NC;True;LIGNE A MAIN;EPINEPHELUS AENEUS;7560
MRT;2010;9;NORD;NORD;NC;True;LIGNE A MAIN;EPINEPHELUS AENEUS;39114.70588
MRT;2010;9;NOUAKCHOTT;NOUAKCHOTT;NC;True;LIGNE A MAIN;EPINEPHELUS AENEUS;7545.6
MRT;2010;9;NOUAKCHOTT;NOUAKCHOTT;NC;True;PALANGRE;EPINEPHELUS AENEUS;102120
MRT;2010;9;PNBA;PNBA;NC;True;FILET COURBINE;EPINEPHELUS AENEUS;2.371904
MRT;2010;9;PNBA;PNBA;NC;True;FILET TOLLO;EPINEPHELUS AENEUS;2.371904
MRT;2010;9;PNBA;PNBA;NC;True;LIGNE A MAIN;EPINEPHELUS AENEUS;85.685028
MRT;2010;9;SUD NKTT;SUD NKTT;NC;True;LIGNE A MAIN;EPINEPHELUS AENEUS;9315.789474
MRT;2010;10;CENTRE;CENTRE;NC;True;LIGNE A MAIN;EPINEPHELUS AENEUS;8420.9175
MRT;2010;10;NORD;NORD;NC;True;FILET SOLE;EPINEPHELUS AENEUS;1012.534527
MRT;2010;10;NORD;NORD;NC;True;LIGNE A MAIN;EPINEPHELUS AENEUS;25181.86364
MRT;2010;10;NOUAKCHOTT;NOUAKCHOTT;NC;True;LIGNE A MAIN;EPINEPHELUS AENEUS;21715.94591
MRT;2010;10;NOUAKCHOTT;NOUAKCHOTT;NC;True;PALANGRE;EPINEPHELUS AENEUS;27285.63636
MRT;2010;10;PNBA;PNBA;NC;True;FILET D'EPAULE;EPINEPHELUS AENEUS;75.002021
MRT;2010;10;PNBA;PNBA;NC;True;FILET TOLLO;EPINEPHELUS AENEUS;31.398814
MRT;2010;10;PNBA;PNBA;NC;True;LIGNE A MAIN;EPINEPHELUS AENEUS;681.139095
MRT;2010;10;PNBA;PNBA;NC;True;NASSE A POISSONS;EPINEPHELUS AENEUS;86.049962
MRT;2010;10;SUD NKTT;SUD NKTT;NC;True;LIGNE A MAIN;EPINEPHELUS AENEUS;30119.2125
MRT;2010;11;CENTRE;CENTRE;NC;True;LIGNE A MAIN;EPINEPHELUS AENEUS;4988.571429
MRT;2010;11;CENTRE;CENTRE;NC;True;POT A POULPES;EPINEPHELUS AENEUS;359.680851
MRT;2010;11;NORD;NORD;NC;True;FILET SOLE;EPINEPHELUS AENEUS;2760
MRT;2010;11;NORD;NORD;NC;True;LIGNE A MAIN;EPINEPHELUS AENEUS;22574.91892
MRT;2010;11;NOUAKCHOTT;NOUAKCHOTT;NC;True;LIGNE A MAIN;EPINEPHELUS AENEUS;15457
MRT;2010;11;NOUAKCHOTT;NOUAKCHOTT;NC;True;PALANGRE;EPINEPHELUS AENEUS;12474
MRT;2010;11;PNBA;PNBA;NC;True;FILET COURBINE;EPINEPHELUS AENEUS;5.377992
MRT;2010;11;PNBA;PNBA;NC;True;LIGNE A MAIN;EPINEPHELUS AENEUS;141.628328
MRT;2010;11;PNBA;PNBA;NC;True;NASSE A POISSONS;EPINEPHELUS AENEUS;18.822971
MRT;2010;11;SUD NKTT;SUD NKTT;NC;True;LIGNE A MAIN;EPINEPHELUS AENEUS;4548.075472
MRT;2010;12;CENTRE;CENTRE;NC;True;LIGNE A MAIN;EPINEPHELUS AENEUS;7388.333333
MRT;2010;12;NORD;NORD;NC;True;LIGNE A MAIN;EPINEPHELUS AENEUS;36941.66667
MRT;2010;12;NOUAKCHOTT;NOUAKCHOTT;NC;True;LIGNE A MAIN;EPINEPHELUS AENEUS;21910.08462
MRT;2010;12;NOUAKCHOTT;NOUAKCHOTT;NC;True;PALANGRE;EPINEPHELUS AENEUS;15464.07477
MRT;2010;12;PNBA;PNBA;NC;True;FILET COURBINE;EPINEPHELUS AENEUS;25.915924
MRT;2010;12;PNBA;PNBA;NC;True;FILET D'EPAULE;EPINEPHELUS AENEUS;26.732594
MRT;2010;12;PNBA;PNBA;NC;True;FILET MULET ENCERCLANT;EPINEPHELUS AENEUS;19.664822
MRT;2010;12;PNBA;PNBA;NC;True;LIGNE A MAIN;EPINEPHELUS AENEUS;142.314233
MRT;2011;1;CENTRE;CENTRE;NC;True;FILET COURBINE;EPINEPHELUS AENEUS;140.244
MRT;2011;1;CENTRE;CENTRE;NC;True;LIGNE A MAIN;EPINEPHELUS AENEUS;2966.814815
MRT;2011;1;CENTRE;CENTRE;NC;True;TREMAIL;EPINEPHELUS AENEUS;93
MRT;2011;1;NORD;NORD;NC;True;FILET TOLLO;EPINEPHELUS AENEUS;203.05
MRT;2011;1;NORD;NORD;NC;True;LIGNE A MAIN;EPINEPHELUS AENEUS;27303.81064
MRT;2011;1;NOUAKCHOTT;NOUAKCHOTT;NC;True;PALANGRE;EPINEPHELUS AENEUS;50396.21053
MRT;2011;1;PNBA;PNBA;NC;True;FILET COURBINE;EPINEPHELUS AENEUS;31.127062
MRT;2011;1;PNBA;PNBA;NC;True;FILET D'EPAULE;EPINEPHELUS AENEUS;10.398845
MRT;2011;1;PNBA;PNBA;NC;True;FILET MULET ENCERCLANT;EPINEPHELUS AENEUS;140.297751
MRT;2011;1;PNBA;PNBA;NC;True;FILET TOLLO;EPINEPHELUS AENEUS;31.805064
MRT;2011;1;PNBA;PNBA;NC;True;LIGNE A MAIN;EPINEPHELUS AENEUS;613.051712
MRT;2011;1;SUD NKTT;SUD NKTT;NC;True;FILET SOLE;EPINEPHELUS AENEUS;86.8
MRT;2011;1;SUD NKTT;SUD NKTT;NC;True;LIGNE A MAIN;EPINEPHELUS AENEUS;1550
MRT;2011;2;CENTRE;CENTRE;NC;True;LIGNE A MAIN;EPINEPHELUS AENEUS;735
MRT;2011;2;NORD;NORD;NC;True;FILET COURBINE;EPINEPHELUS AENEUS;2060.8
MRT;2011;2;NORD;NORD;NC;True;LIGNE A MAIN;EPINEPHELUS AENEUS;18805.79556
MRT;2011;2;NOUAKCHOTT;NOUAKCHOTT;NC;True;LIGNE A MAIN;EPINEPHELUS AENEUS;8131.2
MRT;2011;2;NOUAKCHOTT;NOUAKCHOTT;NC;True;TREMAIL;EPINEPHELUS AENEUS;342.222222
MRT;2011;2;PNBA;PNBA;NC;True;FILET COURBINE;EPINEPHELUS AENEUS;14.357784
MRT;2011;2;PNBA;PNBA;NC;True;FILET TOLLO;EPINEPHELUS AENEUS;63.615927
MRT;2011;2;PNBA;PNBA;NC;True;LIGNE A MAIN;EPINEPHELUS AENEUS;165.50935
MRT;2011;2;SUD NKTT;SUD NKTT;NC;True;FILET SOLE;EPINEPHELUS AENEUS;199.32973
MRT;2011;2;SUD NKTT;SUD NKTT;NC;True;LIGNE A MAIN;EPINEPHELUS AENEUS;72.545455
MRT;2011;3;CENTRE;CENTRE;NC;True;FILET COURBINE;EPINEPHELUS AENEUS;21.94382
MRT;2011;3;CENTRE;CENTRE;NC;True;LIGNE A MAIN;EPINEPHELUS AENEUS;11983.22222
MRT;2011;3;CENTRE;CENTRE;NC;True;TREMAIL;EPINEPHELUS AENEUS;738.90411
MRT;2011;3;NORD;NORD;NC;True;FILET COURBINE;EPINEPHELUS AENEUS;107.118704
MRT;2011;3;NORD;NORD;NC;True;FILET SOLE;EPINEPHELUS AENEUS;385.817143
MRT;2011;3;NORD;NORD;NC;True;LIGNE A MAIN;EPINEPHELUS AENEUS;21671.70924
MRT;2011;3;NOUAKCHOTT;NOUAKCHOTT;NC;True;LIGNE A MAIN;EPINEPHELUS AENEUS;10063.01333
MRT;2011;3;NOUAKCHOTT;NOUAKCHOTT;NC;True;TREMAIL;EPINEPHELUS AENEUS;175.233803
MRT;2011;3;PNBA;PNBA;NC;True;FILET TOLLO;EPINEPHELUS AENEUS;14.006691
MRT;2011;3;PNBA;PNBA;NC;True;LIGNE A MAIN;EPINEPHELUS AENEUS;362.510681
MRT;2011;3;SUD NKTT;SUD NKTT;NC;True;LIGNE A MAIN;EPINEPHELUS AENEUS;1056.688776
MRT;2011;4;CENTRE;CENTRE;NC;True;FILET COURBINE;EPINEPHELUS AENEUS;286.153846
MRT;2011;4;CENTRE;CENTRE;NC;True;LIGNE A MAIN;EPINEPHELUS AENEUS;10867.84091
MRT;2011;4;CENTRE;CENTRE;NC;True;TREMAIL;EPINEPHELUS AENEUS;772.846154
MRT;2011;4;NORD;NORD;NC;True;LIGNE A MAIN;EPINEPHELUS AENEUS;1713.365854
MRT;2011;4;NOUAKCHOTT;NOUAKCHOTT;NC;True;LIGNE A MAIN;EPINEPHELUS AENEUS;16856.71429
MRT;2011;4;PNBA;PNBA;NC;True;FILET MULET ENCERCLANT;EPINEPHELUS AENEUS;7.719746
MRT;2011;4;PNBA;PNBA;NC;True;FILET TOLLO;EPINEPHELUS AENEUS;94.360412
MRT;2011;4;PNBA;PNBA;NC;True;LIGNE A MAIN;EPINEPHELUS AENEUS;41.106698
MRT;2011;4;SUD NKTT;SUD NKTT;NC;True;LIGNE A MAIN;EPINEPHELUS AENEUS;367.719298
MRT;2011;5;CENTRE;CENTRE;NC;True;FILET COURBINE;EPINEPHELUS AENEUS;45.684211
MRT;2011;5;CENTRE;CENTRE;NC;True;LIGNE A MAIN;EPINEPHELUS AENEUS;6184.5
MRT;2011;5;CENTRE;CENTRE;NC;True;TREMAIL;EPINEPHELUS AENEUS;720.547826
MRT;2011;5;NORD;NORD;NC;True;LIGNE A MAIN;EPINEPHELUS AENEUS;4331.836667
MRT;2011;5;NOUAKCHOTT;NOUAKCHOTT;NC;True;FILET MAILLANT;EPINEPHELUS AENEUS;892.8
MRT;2011;5;NOUAKCHOTT;NOUAKCHOTT;NC;True;LIGNE A MAIN;EPINEPHELUS AENEUS;4470.2
MRT;2011;5;PNBA;PNBA;NC;True;FILET COURBINE;EPINEPHELUS AENEUS;57.873554
MRT;2011;5;PNBA;PNBA;NC;True;FILET MULET ENCERCLANT;EPINEPHELUS AENEUS;64.322252
MRT;2011;5;PNBA;PNBA;NC;True;FILET TOLLO;EPINEPHELUS AENEUS;217.814193
MRT;2011;5;PNBA;PNBA;NC;True;LIGNE A MAIN;EPINEPHELUS AENEUS;546.135376
MRT;2011;5;SUD NKTT;SUD NKTT;NC;True;LIGNE A MAIN;EPINEPHELUS AENEUS;8060.70087
MRT;2011;6;CENTRE;CENTRE;NC;True;FILET COURBINE;EPINEPHELUS AENEUS;192.857143
MRT;2011;6;CENTRE;CENTRE;NC;True;LIGNE A MAIN;EPINEPHELUS AENEUS;3150
MRT;2011;6;NORD;NORD;NC;True;LIGNE A MAIN;EPINEPHELUS AENEUS;2001.818182
MRT;2011;6;NORD;NORD;NC;True;PALANGRE;EPINEPHELUS AENEUS;8100
MRT;2011;6;NORD;NORD;NC;True;POT A POULPES;EPINEPHELUS AENEUS;260.915493
MRT;2011;6;NOUAKCHOTT;NOUAKCHOTT;NC;True;LIGNE A MAIN;EPINEPHELUS AENEUS;9789.875
MRT;2011;6;NOUAKCHOTT;NOUAKCHOTT;NC;True;PALANGRE;EPINEPHELUS AENEUS;83880
MRT;2011;6;PNBA;PNBA;NC;True;FILET COURBINE;EPINEPHELUS AENEUS;9.660322
MRT;2011;6;PNBA;PNBA;NC;True;FILET MULET ENCERCLANT;EPINEPHELUS AENEUS;3.18691
MRT;2011;6;PNBA;PNBA;NC;True;FILET TOLLO;EPINEPHELUS AENEUS;89.440796
MRT;2011;6;PNBA;PNBA;NC;True;LIGNE A MAIN;EPINEPHELUS AENEUS;498.660886
MRT;2011;6;SUD NKTT;SUD NKTT;NC;True;FILET COURBINE;EPINEPHELUS AENEUS;490
MRT;2011;6;SUD NKTT;SUD NKTT;NC;True;LIGNE A MAIN;EPINEPHELUS AENEUS;8942.307692
MRT;2011;6;SUD NKTT;SUD NKTT;NC;True;TREMAIL;EPINEPHELUS AENEUS;470.769231
MRT;2011;7;CENTRE;CENTRE;NC;True;LIGNE A MAIN;EPINEPHELUS AENEUS;1256.016667
MRT;2011;7;NORD;NORD;NC;True;POT A POULPES;EPINEPHELUS AENEUS;105.152434
MRT;2011;7;NOUAKCHOTT;NOUAKCHOTT;NC;True;LIGNE A MAIN;EPINEPHELUS AENEUS;10807.79231
MRT;2011;7;NOUAKCHOTT;NOUAKCHOTT;NC;True;PALANGRE;EPINEPHELUS AENEUS;23960.93333
MRT;2011;7;PNBA;PNBA;NC;True;FILET TOLLO;EPINEPHELUS AENEUS;64.67075
MRT;2011;7;PNBA;PNBA;NC;True;LIGNE A MAIN;EPINEPHELUS AENEUS;702.393835
MRT;2011;7;SUD NKTT;SUD NKTT;NC;True;LIGNE A MAIN;EPINEPHELUS AENEUS;39034.63636
MRT;2011;8;NORD;NORD;NC;True;LIGNE A MAIN;EPINEPHELUS AENEUS;10226.9
MRT;2011;8;NORD;NORD;NC;True;POT A POULPES;EPINEPHELUS AENEUS;119.25206
MRT;2011;8;NOUAKCHOTT;NOUAKCHOTT;NC;True;LIGNE A MAIN;EPINEPHELUS AENEUS;18820.4875
MRT;2011;8;NOUAKCHOTT;NOUAKCHOTT;NC;True;POT A POULPES;EPINEPHELUS AENEUS;457.015152
MRT;2011;8;PNBA;PNBA;NC;True;FILET TOLLO;EPINEPHELUS AENEUS;15.953883
MRT;2011;8;PNBA;PNBA;NC;True;LIGNE A MAIN;EPINEPHELUS AENEUS;768.7322
MRT;2011;8;PNBA;PNBA;NC;True;NASSE A POISSONS;EPINEPHELUS AENEUS;23.667748
MRT;2011;8;SUD NKTT;SUD NKTT;NC;True;LIGNE A MAIN;EPINEPHELUS AENEUS;37076.53026
MRT;2011;9;CENTRE;CENTRE;NC;True;LIGNE A MAIN;EPINEPHELUS AENEUS;999.310345
MRT;2011;9;NORD;NORD;NC;True;LIGNE A MAIN;EPINEPHELUS AENEUS;25541.25
MRT;2011;9;NOUAKCHOTT;NOUAKCHOTT;NC;True;LIGNE A MAIN;EPINEPHELUS AENEUS;30164.21053
MRT;2011;9;PNBA;PNBA;NC;True;FILET COURBINE;EPINEPHELUS AENEUS;2.096651
MRT;2011;9;PNBA;PNBA;NC;True;LIGNE A MAIN;EPINEPHELUS AENEUS;65.547945
MRT;2011;9;SUD NKTT;SUD NKTT;NC;True;LIGNE A MAIN;EPINEPHELUS AENEUS;5609.032258
MRT;2011;10;CENTRE;CENTRE;NC;True;FILET RAIES-REQUINS;EPINEPHELUS AENEUS;55.111111
MRT;2011;10;CENTRE;CENTRE;NC;True;LIGNE A MAIN;EPINEPHELUS AENEUS;3343.017857
MRT;2011;10;NORD;NORD;NC;True;FILET COURBINE;EPINEPHELUS AENEUS;52.210526
MRT;2011;10;NORD;NORD;NC;True;LIGNE A MAIN;EPINEPHELUS AENEUS;80574.34483
MRT;2011;10;NOUAKCHOTT;NOUAKCHOTT;NC;True;LIGNE A MAIN;EPINEPHELUS AENEUS;19209.66667
MRT;2011;10;PNBA;PNBA;NC;True;FILET TOLLO;EPINEPHELUS AENEUS;34.130337
MRT;2011;10;PNBA;PNBA;NC;True;LIGNE A MAIN;EPINEPHELUS AENEUS;356.426995
MRT;2011;10;SUD NKTT;SUD NKTT;NC;True;LIGNE A MAIN;EPINEPHELUS AENEUS;45098.18614
MRT;2011;11;CENTRE;CENTRE;NC;True;LIGNE A MAIN;EPINEPHELUS AENEUS;1940.833333
MRT;2011;11;NORD;NORD;NC;True;FILET LANGOUSTE;EPINEPHELUS AENEUS;637.974684
MRT;2011;11;NORD;NORD;NC;True;LIGNE A MAIN;EPINEPHELUS AENEUS;117710
MRT;2011;11;NOUAKCHOTT;NOUAKCHOTT;NC;True;LIGNE A MAIN;EPINEPHELUS AENEUS;7589.302326
MRT;2011;11;NOUAKCHOTT;NOUAKCHOTT;NC;True;PALANGRE;EPINEPHELUS AENEUS;110989.5652
MRT;2011;11;PNBA;PNBA;NC;True;FILET COURBINE;EPINEPHELUS AENEUS;40.594229
MRT;2011;11;PNBA;PNBA;NC;True;FILET D'EPAULE;EPINEPHELUS AENEUS;15.410388
MRT;2011;11;PNBA;PNBA;NC;True;LIGNE A MAIN;EPINEPHELUS AENEUS;130.810084
MRT;2011;11;SUD NKTT;SUD NKTT;NC;True;LIGNE A MAIN;EPINEPHELUS AENEUS;1515.638298
MRT;2011;12;CENTRE;CENTRE;NC;True;LIGNE A MAIN;EPINEPHELUS AENEUS;355.588235
MRT;2011;12;NORD;NORD;NC;True;LIGNE A MAIN;EPINEPHELUS AENEUS;13950
MRT;2011;12;NOUAKCHOTT;NOUAKCHOTT;NC;True;LIGNE A MAIN;EPINEPHELUS AENEUS;19172.30769
MRT;2011;12;NOUAKCHOTT;NOUAKCHOTT;NC;True;PALANGRE;EPINEPHELUS AENEUS;238546.8235
MRT;2011;12;PNBA;PNBA;NC;True;FILET D'EPAULE;EPINEPHELUS AENEUS;18.058821
MRT;2011;12;PNBA;PNBA;NC;True;LIGNE A MAIN;EPINEPHELUS AENEUS;330.344533
MRT;2012;1;CENTRE;CENTRE;NC;True;FILET MAILLANT;EPINEPHELUS AENEUS;6.838235
MRT;2012;1;CENTRE;CENTRE;NC;True;LIGNE A MAIN;EPINEPHELUS AENEUS;3799.05
MRT;2012;1;CENTRE;CENTRE;NC;True;TREMAIL;EPINEPHELUS AENEUS;186
MRT;2012;1;NORD;NORD;NC;True;LIGNE A MAIN;EPINEPHELUS AENEUS;5737.066667
MRT;2012;1;NOUAKCHOTT;NOUAKCHOTT;NC;True;LIGNE A MAIN;EPINEPHELUS AENEUS;5635.8
MRT;2012;1;PNBA;PNBA;NC;True;FILET MULET ENCERCLANT;EPINEPHELUS AENEUS;4.964941
MRT;2012;1;PNBA;PNBA;NC;True;LIGNE A MAIN;EPINEPHELUS AENEUS;533.09358
MRT;2012;1;SUD NKTT;SUD NKTT;NC;True;LIGNE A MAIN;EPINEPHELUS AENEUS;6346.430034
MRT;2012;2;CENTRE;CENTRE;NC;True;LIGNE A MAIN;EPINEPHELUS AENEUS;3580.181818
MRT;2012;2;NORD;NORD;NC;True;LIGNE A MAIN;EPINEPHELUS AENEUS;5725.992
MRT;2012;2;NOUAKCHOTT;NOUAKCHOTT;NC;True;LIGNE A MAIN;EPINEPHELUS AENEUS;78226.83077
MRT;2012;2;PNBA;PNBA;NC;True;FILET MULET ENCERCLANT;EPINEPHELUS AENEUS;10.631886
MRT;2012;2;PNBA;PNBA;NC;True;LIGNE A MAIN;EPINEPHELUS AENEUS;532.616219
MRT;2012;2;SUD NKTT;SUD NKTT;NC;True;LIGNE A MAIN;EPINEPHELUS AENEUS;1696.808511
MRT;2012;3;CENTRE;CENTRE;NC;True;FILET COURBINE;EPINEPHELUS AENEUS;48.119403
MRT;2012;3;CENTRE;CENTRE;NC;True;LIGNE A MAIN;EPINEPHELUS AENEUS;2409.545455
MRT;2012;3;CENTRE;CENTRE;NC;True;TREMAIL;EPINEPHELUS AENEUS;273.655172
MRT;2012;3;NORD;NORD;NC;True;FILET COURBINE;EPINEPHELUS AENEUS;1400.470588
MRT;2012;3;NORD;NORD;NC;True;LIGNE A MAIN;EPINEPHELUS AENEUS;6876.685714
MRT;2012;3;NOUAKCHOTT;NOUAKCHOTT;NC;True;LIGNE A MAIN;EPINEPHELUS AENEUS;24082.17778
MRT;2012;3;NOUAKCHOTT;NOUAKCHOTT;NC;True;TREMAIL;EPINEPHELUS AENEUS;1205.28
MRT;2012;3;PNBA;PNBA;NC;True;FILET COURBINE;EPINEPHELUS AENEUS;3.743196
MRT;2012;3;PNBA;PNBA;NC;True;FILET MULET ENCERCLANT;EPINEPHELUS AENEUS;8.645946
MRT;2012;3;PNBA;PNBA;NC;True;FILET TOLLO;EPINEPHELUS AENEUS;150.252459
MRT;2012;3;PNBA;PNBA;NC;True;LIGNE A MAIN;EPINEPHELUS AENEUS;382.54063
MRT;2012;3;SUD NKTT;SUD NKTT;NC;True;FILET MULET ENCERCLANT;EPINEPHELUS AENEUS;155.110997
MRT;2012;3;SUD NKTT;SUD NKTT;NC;True;LIGNE A MAIN;EPINEPHELUS AENEUS;5608.656977
MRT;2012;4;CENTRE;CENTRE;NC;True;LIGNE A MAIN;EPINEPHELUS AENEUS;895.78125
MRT;2012;4;CENTRE;CENTRE;NC;True;TREMAIL;EPINEPHELUS AENEUS;278.350515
MRT;2012;4;NORD;NORD;NC;True;LIGNE A MAIN;EPINEPHELUS AENEUS;1125
MRT;2012;4;NOUAKCHOTT;NOUAKCHOTT;NC;True;LIGNE A MAIN;EPINEPHELUS AENEUS;31703.22581
MRT;2012;4;NOUAKCHOTT;NOUAKCHOTT;NC;True;TREMAIL;EPINEPHELUS AENEUS;2984.949153
MRT;2012;4;PNBA;PNBA;NC;True;FILET COURBINE;EPINEPHELUS AENEUS;57.906512
MRT;2012;4;PNBA;PNBA;NC;True;FILET MULET ENCERCLANT;EPINEPHELUS AENEUS;30.165127
MRT;2012;4;PNBA;PNBA;NC;True;FILET TOLLO;EPINEPHELUS AENEUS;76.725549
MRT;2012;4;PNBA;PNBA;NC;True;LIGNE A MAIN;EPINEPHELUS AENEUS;837.587241
MRT;2012;4;SUD NKTT;SUD NKTT;NC;True;LIGNE A MAIN;EPINEPHELUS AENEUS;2053.542857
MRT;2012;4;SUD NKTT;SUD NKTT;NC;True;TREMAIL;EPINEPHELUS AENEUS;954.545455
MRT;2012;5;CENTRE;CENTRE;NC;True;FILET COURBINE;EPINEPHELUS AENEUS;285.804878
MRT;2012;5;CENTRE;CENTRE;NC;True;LIGNE A MAIN;EPINEPHELUS AENEUS;367.105263
MRT;2012;5;CENTRE;CENTRE;NC;True;TREMAIL;EPINEPHELUS AENEUS;166.071429
MRT;2012;5;NORD;NORD;NC;True;LIGNE A MAIN;EPINEPHELUS AENEUS;19417.69143
MRT;2012;5;NOUAKCHOTT;NOUAKCHOTT;NC;True;LIGNE A MAIN;EPINEPHELUS AENEUS;40000.61261
MRT;2012;5;NOUAKCHOTT;NOUAKCHOTT;NC;True;TREMAIL;EPINEPHELUS AENEUS;1302
MRT;2012;5;PNBA;PNBA;NC;True;FILET MULET ENCERCLANT;EPINEPHELUS AENEUS;26.730062
MRT;2012;5;PNBA;PNBA;NC;True;FILET TOLLO;EPINEPHELUS AENEUS;65.240129
MRT;2012;5;PNBA;PNBA;NC;True;LIGNE A MAIN;EPINEPHELUS AENEUS;533.699268
MRT;2012;5;SUD NKTT;SUD NKTT;NC;True;FILET SOLE;EPINEPHELUS AENEUS;1127.224138
MRT;2012;5;SUD NKTT;SUD NKTT;NC;True;LIGNE A MAIN;EPINEPHELUS AENEUS;9999.613636
MRT;2012;6;CENTRE;CENTRE;NC;True;FILET COURBINE;EPINEPHELUS AENEUS;660
MRT;2012;6;CENTRE;CENTRE;NC;True;LIGNE A MAIN;EPINEPHELUS AENEUS;395.357143
MRT;2012;6;CENTRE;CENTRE;NC;True;TREMAIL;EPINEPHELUS AENEUS;589.285714
MRT;2012;6;NORD;NORD;NC;True;LIGNE A MAIN;EPINEPHELUS AENEUS;124041.5
MRT;2012;6;NORD;NORD;NC;True;POT A POULPES;EPINEPHELUS AENEUS;193.670474
MRT;2012;6;NOUAKCHOTT;NOUAKCHOTT;NC;True;LIGNE A MAIN;EPINEPHELUS AENEUS;33141.96
MRT;2012;6;NOUAKCHOTT;NOUAKCHOTT;NC;True;TREMAIL;EPINEPHELUS AENEUS;120.705882
MRT;2012;6;PNBA;PNBA;NC;True;FILET MULET ENCERCLANT;EPINEPHELUS AENEUS;6.016065
MRT;2012;6;PNBA;PNBA;NC;True;FILET TOLLO;EPINEPHELUS AENEUS;59.515063
MRT;2012;6;SUD NKTT;SUD NKTT;NC;True;LIGNE A MAIN;EPINEPHELUS AENEUS;13770.9
MRT;2012;7;NORD;NORD;NC;True;LIGNE A MAIN;EPINEPHELUS AENEUS;1534.749553
MRT;2012;7;NOUAKCHOTT;NOUAKCHOTT;NC;True;LIGNE A MAIN;EPINEPHELUS AENEUS;30617.46
MRT;2012;7;PNBA;PNBA;NC;True;FILET TOLLO;EPINEPHELUS AENEUS;107.26612
MRT;2012;7;PNBA;PNBA;NC;True;NASSE A POISSONS;EPINEPHELUS AENEUS;153.501516
MRT;2012;7;SUD NKTT;SUD NKTT;NC;True;LIGNE A MAIN;EPINEPHELUS AENEUS;11948.37484
MRT;2012;8;NORD;NORD;NC;True;LIGNE A MAIN;EPINEPHELUS AENEUS;35169.376
MRT;2012;8;NOUAKCHOTT;NOUAKCHOTT;NC;True;LIGNE A MAIN;EPINEPHELUS AENEUS;45959.98
MRT;2012;8;PNBA;PNBA;NC;True;NASSE A POISSONS;EPINEPHELUS AENEUS;771.43368
MRT;2012;8;SUD NKTT;SUD NKTT;NC;True;LIGNE A MAIN;EPINEPHELUS AENEUS;28877.86765
MRT;2012;9;NOUAKCHOTT;NOUAKCHOTT;NC;True;LIGNE A MAIN;EPINEPHELUS AENEUS;88583.40287
MRT;2012;9;PNBA;PNBA;NC;True;LIGNE A MAIN;EPINEPHELUS AENEUS;83.072446
MRT;2012;9;PNBA;PNBA;NC;True;NASSE A POISSONS;EPINEPHELUS AENEUS;374.799513
MRT;2012;9;SUD NKTT;SUD NKTT;NC;True;LIGNE A MAIN;EPINEPHELUS AENEUS;15883.63636
MRT;2012;10;NORD;NORD;NC;True;FILET SOLE;EPINEPHELUS AENEUS;379.75
MRT;2012;10;NORD;NORD;NC;True;LIGNE A MAIN;EPINEPHELUS AENEUS;49965.16949
MRT;2012;10;NOUAKCHOTT;NOUAKCHOTT;NC;True;LIGNE A MAIN;EPINEPHELUS AENEUS;6249.6
MRT;2012;10;PNBA;PNBA;NC;True;FILET MULET ENCERCLANT;EPINEPHELUS AENEUS;6.116216
MRT;2012;11;NORD;NORD;NC;True;LIGNE A MAIN;EPINEPHELUS AENEUS;11914.7784
MRT;2012;11;NORD;NORD;NC;True;POT A POULPES;EPINEPHELUS AENEUS;318.33124
MRT;2012;11;NOUAKCHOTT;NOUAKCHOTT;NC;True;LIGNE A MAIN;EPINEPHELUS AENEUS;14451.63934
MRT;2012;11;NOUAKCHOTT;NOUAKCHOTT;NC;True;PALANGRE;EPINEPHELUS AENEUS;122202
MRT;2012;11;PNBA;PNBA;NC;True;FILET COURBINE;EPINEPHELUS AENEUS;84.847144
MRT;2012;11;PNBA;PNBA;NC;True;FILET D'EPAULE;EPINEPHELUS AENEUS;128.505737
MRT;2012;11;PNBA;PNBA;NC;True;LIGNE A MAIN;EPINEPHELUS AENEUS;931.190855
MRT;2012;12;NORD;NORD;NC;True;LIGNE A MAIN;EPINEPHELUS AENEUS;40701.17647
MRT;2012;12;NOUAKCHOTT;NOUAKCHOTT;NC;True;LIGNE A MAIN;EPINEPHELUS AENEUS;15534.72
MRT;2012;12;NOUAKCHOTT;NOUAKCHOTT;NC;True;PALANGRE;EPINEPHELUS AENEUS;42315
MRT;2012;12;PNBA;PNBA;NC;True;FILET COURBINE;EPINEPHELUS AENEUS;193.544403
MRT;2012;12;PNBA;PNBA;NC;True;FILET D'EPAULE;EPINEPHELUS AENEUS;246.289968
MRT;2012;12;PNBA;PNBA;NC;True;FILET MULET ENCERCLANT;EPINEPHELUS AENEUS;93.12111
MRT;2012;12;PNBA;PNBA;NC;True;LIGNE A MAIN;EPINEPHELUS AENEUS;1852.95931
MRT;2013;1;NORD;NORD;NC;True;FILET MULET ENCERCLANT;EPINEPHELUS AENEUS;54000
MRT;2013;1;NORD;NORD;NC;True;FILET TOLLO;EPINEPHELUS AENEUS;231.428571
MRT;2013;1;NORD;NORD;NC;True;LIGNE A MAIN;EPINEPHELUS AENEUS;30033.94737
MRT;2013;1;NOUAKCHOTT;NOUAKCHOTT;NC;True;LIGNE A MAIN;EPINEPHELUS AENEUS;18301.79512
MRT;2013;1;PNBA;PNBA;NC;True;FILET COURBINE;EPINEPHELUS AENEUS;16.360656
MRT;2013;1;PNBA;PNBA;NC;True;FILET MULET ENCERCLANT;EPINEPHELUS AENEUS;66.146016
MRT;2013;1;PNBA;PNBA;NC;True;LIGNE A MAIN;EPINEPHELUS AENEUS;386.638342
MRT;2013;2;NORD;NORD;NC;True;LIGNE A MAIN;EPINEPHELUS AENEUS;19628.57143
MRT;2013;2;NOUAKCHOTT;NOUAKCHOTT;NC;True;LIGNE A MAIN;EPINEPHELUS AENEUS;9097.978808
MRT;2013;2;NOUAKCHOTT;NOUAKCHOTT;NC;True;PALANGRE;EPINEPHELUS AENEUS;7168
MRT;2013;2;NOUAKCHOTT;NOUAKCHOTT;NC;True;TREMAIL;EPINEPHELUS AENEUS;110.732075
MRT;2013;2;PNBA;PNBA;NC;True;FILET COURBINE;EPINEPHELUS AENEUS;72.129414
MRT;2013;2;PNBA;PNBA;NC;True;FILET MULET ENCERCLANT;EPINEPHELUS AENEUS;53.116266
MRT;2013;2;PNBA;PNBA;NC;True;LIGNE A MAIN;EPINEPHELUS AENEUS;498.660737
MRT;2013;3;CENTRE;CENTRE;NC;True;FILET COURBINE;EPINEPHELUS AENEUS;350.742857
MRT;2013;3;CENTRE;CENTRE;NC;True;LIGNE A MAIN;EPINEPHELUS AENEUS;281.17
MRT;2013;3;NORD;NORD;NC;True;FILET COURBINE;EPINEPHELUS AENEUS;777.309417
MRT;2013;3;NORD;NORD;NC;True;FILET SOLE;EPINEPHELUS AENEUS;4963.404255
MRT;2013;3;NORD;NORD;NC;True;FILET TOLLO;EPINEPHELUS AENEUS;270
MRT;2013;3;NORD;NORD;NC;True;LIGNE A MAIN;EPINEPHELUS AENEUS;29420.92593
MRT;2013;3;NOUAKCHOTT;NOUAKCHOTT;NC;True;LIGNE A MAIN;EPINEPHELUS AENEUS;17843.95769
MRT;2013;3;PNBA;PNBA;NC;True;FILET COURBINE;EPINEPHELUS AENEUS;169.50714
MRT;2013;3;PNBA;PNBA;NC;True;FILET D'EPAULE;EPINEPHELUS AENEUS;6.457445
MRT;2013;3;PNBA;PNBA;NC;True;FILET MULET ENCERCLANT;EPINEPHELUS AENEUS;110.153407
MRT;2013;3;PNBA;PNBA;NC;True;LIGNE A MAIN;EPINEPHELUS AENEUS;105.471109
MRT;2013;3;SUD NKTT;SUD NKTT;NC;True;FILET SOLE;EPINEPHELUS AENEUS;2047.24
MRT;2013;4;CENTRE;CENTRE;NC;True;LIGNE A MAIN;EPINEPHELUS AENEUS;2844.84375
MRT;2013;4;NORD;NORD;NC;True;FILET COURBINE;EPINEPHELUS AENEUS;5156.236407
MRT;2013;4;NORD;NORD;NC;True;LIGNE A MAIN;EPINEPHELUS AENEUS;8871.44186
MRT;2013;4;NOUAKCHOTT;NOUAKCHOTT;NC;True;LIGNE A MAIN;EPINEPHELUS AENEUS;19829.46341
MRT;2013;4;NOUAKCHOTT;NOUAKCHOTT;NC;True;PALANGRE;EPINEPHELUS AENEUS;65280
MRT;2013;4;PNBA;PNBA;NC;True;FILET COURBINE;EPINEPHELUS AENEUS;91.65642
MRT;2013;4;PNBA;PNBA;NC;True;FILET TOLLO;EPINEPHELUS AENEUS;48.526119
MRT;2013;4;PNBA;PNBA;NC;True;LIGNE A MAIN;EPINEPHELUS AENEUS;732.443683
MRT;2013;4;SUD NKTT;SUD NKTT;NC;True;FILET COURBINE;EPINEPHELUS AENEUS;347.368421
MRT;2013;4;SUD NKTT;SUD NKTT;NC;True;FILET SOLE;EPINEPHELUS AENEUS;1024.857143
MRT;2013;4;SUD NKTT;SUD NKTT;NC;True;LIGNE A MAIN;EPINEPHELUS AENEUS;949.2
MRT;2013;4;SUD NKTT;SUD NKTT;NC;True;TREMAIL;EPINEPHELUS AENEUS;422.4
MRT;2013;5;CENTRE;CENTRE;NC;True;LIGNE A MAIN;EPINEPHELUS AENEUS;11587.8
MRT;2013;5;CENTRE;CENTRE;NC;True;TREMAIL;EPINEPHELUS AENEUS;473.017241
MRT;2013;5;NORD;NORD;NC;True;FILET COURBINE;EPINEPHELUS AENEUS;4832.167441
MRT;2013;5;NORD;NORD;NC;True;LIGNE A MAIN;EPINEPHELUS AENEUS;34590.38936
MRT;2013;5;NORD;NORD;NC;True;POT A POULPES;EPINEPHELUS AENEUS;5926.5
MRT;2013;5;NOUAKCHOTT;NOUAKCHOTT;NC;True;LIGNE A MAIN;EPINEPHELUS AENEUS;29723.83333
MRT;2013;5;NOUAKCHOTT;NOUAKCHOTT;NC;True;PALANGRE;EPINEPHELUS AENEUS;4910.4
MRT;2013;5;PNBA;PNBA;NC;True;FILET MULET ENCERCLANT;EPINEPHELUS AENEUS;11.813886
MRT;2013;5;PNBA;PNBA;NC;True;FILET TOLLO;EPINEPHELUS AENEUS;84.066067
MRT;2013;5;PNBA;PNBA;NC;True;LIGNE A MAIN;EPINEPHELUS AENEUS;805.830582
MRT;2013;5;SUD NKTT;SUD NKTT;NC;True;FILET SOLE;EPINEPHELUS AENEUS;644.111111
MRT;2013;5;SUD NKTT;SUD NKTT;NC;True;LIGNE A MAIN;EPINEPHELUS AENEUS;471.716667
MRT;2013;5;SUD NKTT;SUD NKTT;NC;True;TREMAIL;EPINEPHELUS AENEUS;286.44
MRT;2013;6;CENTRE;CENTRE;NC;True;LIGNE A MAIN;EPINEPHELUS AENEUS;2180
MRT;2013;6;CENTRE;CENTRE;NC;True;TREMAIL;EPINEPHELUS AENEUS;422.608696
MRT;2013;6;NORD;NORD;NC;True;LIGNE A MAIN;EPINEPHELUS AENEUS;31778.7766
MRT;2013;6;NOUAKCHOTT;NOUAKCHOTT;NC;True;LIGNE A MAIN;EPINEPHELUS AENEUS;55085.92105
MRT;2013;6;NOUAKCHOTT;NOUAKCHOTT;NC;True;PALANGRE;EPINEPHELUS AENEUS;4672.391753
MRT;2013;6;NOUAKCHOTT;NOUAKCHOTT;NC;True;TREMAIL;EPINEPHELUS AENEUS;884.863636
MRT;2013;6;PNBA;PNBA;NC;True;FILET MULET ENCERCLANT;EPINEPHELUS AENEUS;14.871795
MRT;2013;6;PNBA;PNBA;NC;True;FILET TOLLO;EPINEPHELUS AENEUS;171.740889
MRT;2013;6;SUD NKTT;SUD NKTT;NC;True;FILET SOLE;EPINEPHELUS AENEUS;480
MRT;2013;6;SUD NKTT;SUD NKTT;NC;True;LIGNE A MAIN;EPINEPHELUS AENEUS;444.444444
MRT;2013;6;SUD NKTT;SUD NKTT;NC;True;TREMAIL;EPINEPHELUS AENEUS;602.941176
MRT;2013;7;CENTRE;CENTRE;NC;True;LIGNE A MAIN;EPINEPHELUS AENEUS;7939.174699
MRT;2013;7;NORD;NORD;NC;True;LIGNE A MAIN;EPINEPHELUS AENEUS;11302.41039
MRT;2013;7;NORD;NORD;NC;True;POT A POULPES;EPINEPHELUS AENEUS;17.832994
MRT;2013;7;NOUAKCHOTT;NOUAKCHOTT;NC;True;LIGNE A MAIN;EPINEPHELUS AENEUS;12652.464
MRT;2013;7;NOUAKCHOTT;NOUAKCHOTT;NC;True;PALANGRE;EPINEPHELUS AENEUS;118077.2778
MRT;2013;7;NOUAKCHOTT;NOUAKCHOTT;NC;True;TREMAIL;EPINEPHELUS AENEUS;423.15
MRT;2013;7;PNBA;PNBA;NC;True;FILET MULET ENCERCLANT;EPINEPHELUS AENEUS;14
MRT;2013;7;PNBA;PNBA;NC;True;FILET TOLLO;EPINEPHELUS AENEUS;19.94414
MRT;2013;7;PNBA;PNBA;NC;True;LIGNE A MAIN;EPINEPHELUS AENEUS;534.695343
MRT;2013;7;SUD NKTT;SUD NKTT;NC;True;LIGNE A MAIN;EPINEPHELUS AENEUS;61077.78039
MRT;2013;8;NORD;NORD;NC;True;FILET COURBINE;EPINEPHELUS AENEUS;21937.5
MRT;2013;8;NORD;NORD;NC;True;LIGNE A MAIN;EPINEPHELUS AENEUS;63471.15207
MRT;2013;8;NOUAKCHOTT;NOUAKCHOTT;NC;True;LIGNE A MAIN;EPINEPHELUS AENEUS;13159.34653
MRT;2013;8;NOUAKCHOTT;NOUAKCHOTT;NC;True;PALANGRE;EPINEPHELUS AENEUS;4124.430769
MRT;2013;8;PNBA;PNBA;NC;True;LIGNE A MAIN;EPINEPHELUS AENEUS;296.498734
MRT;2013;8;SUD NKTT;SUD NKTT;NC;True;LIGNE A MAIN;EPINEPHELUS AENEUS;28158.91624
MRT;2013;9;NORD;NORD;NC;True;FILET COURBINE;EPINEPHELUS AENEUS;1950
MRT;2013;9;NOUAKCHOTT;NOUAKCHOTT;NC;True;LIGNE A MAIN;EPINEPHELUS AENEUS;27209.00826
MRT;2013;9;NOUAKCHOTT;NOUAKCHOTT;NC;True;PALANGRE;EPINEPHELUS AENEUS;17583.86412
MRT;2013;9;NOUAKCHOTT;NOUAKCHOTT;NC;True;TREMAIL;EPINEPHELUS AENEUS;2990
MRT;2013;9;PNBA;PNBA;NC;True;FILET TOLLO;EPINEPHELUS AENEUS;16.935689
MRT;2013;9;PNBA;PNBA;NC;True;LIGNE A MAIN;EPINEPHELUS AENEUS;237.250022
MRT;2013;9;PNBA;PNBA;NC;True;NASSE A POISSONS;EPINEPHELUS AENEUS;31.391753
MRT;2013;9;SUD NKTT;SUD NKTT;NC;True;LIGNE A MAIN;EPINEPHELUS AENEUS;7908.545455
MRT;2013;10;NOUAKCHOTT;NOUAKCHOTT;NC;True;LIGNE A MAIN;EPINEPHELUS AENEUS;13856.5
MRT;2013;10;NOUAKCHOTT;NOUAKCHOTT;NC;True;PALANGRE;EPINEPHELUS AENEUS;2692.105263
MRT;2013;10;PNBA;PNBA;NC;True;FILET SOLE;EPINEPHELUS AENEUS;216.36
MRT;2013;10;SUD NKTT;SUD NKTT;NC;True;LIGNE A MAIN;EPINEPHELUS AENEUS;6223.996822
MRT;2013;11;NORD;NORD;NC;True;LIGNE A MAIN;EPINEPHELUS AENEUS;45922.5
MRT;2013;11;NOUAKCHOTT;NOUAKCHOTT;NC;True;LIGNE A MAIN;EPINEPHELUS AENEUS;23781.33333
MRT;2013;11;NOUAKCHOTT;NOUAKCHOTT;NC;True;PALANGRE;EPINEPHELUS AENEUS;24292.85714
MRT;2013;11;NOUAKCHOTT;NOUAKCHOTT;NC;True;TREMAIL;EPINEPHELUS AENEUS;1483.636364
MRT;2013;11;PNBA;PNBA;NC;True;FILET SOLE;EPINEPHELUS AENEUS;5.331818
MRT;2013;11;PNBA;PNBA;NC;True;LIGNE A MAIN;EPINEPHELUS AENEUS;181.383887
MRT;2013;11;SUD NKTT;SUD NKTT;NC;True;LIGNE A MAIN;EPINEPHELUS AENEUS;2941.633663
MRT;2013;12;CENTRE;CENTRE;NC;True;LIGNE A MAIN;EPINEPHELUS AENEUS;14962.44681
MRT;2013;12;NORD;NORD;NC;True;LIGNE A MAIN;EPINEPHELUS AENEUS;14214.6
MRT;2013;12;NOUAKCHOTT;NOUAKCHOTT;NC;True;LIGNE A MAIN;EPINEPHELUS AENEUS;22076.63869
MRT;2013;12;NOUAKCHOTT;NOUAKCHOTT;NC;True;PALANGRE;EPINEPHELUS AENEUS;6475.661538
MRT;2013;12;PNBA;PNBA;NC;True;FILET COURBINE;EPINEPHELUS AENEUS;7.029752
MRT;2013;12;PNBA;PNBA;NC;True;FILET D'EPAULE;EPINEPHELUS AENEUS;5.303582
MRT;2013;12;PNBA;PNBA;NC;True;FILET MULET ENCERCLANT;EPINEPHELUS AENEUS;4.075218
MRT;2013;12;PNBA;PNBA;NC;True;LIGNE A MAIN;EPINEPHELUS AENEUS;981.190302
MRT;2013;12;SUD NKTT;SUD NKTT;NC;True;LIGNE A MAIN;EPINEPHELUS AENEUS;14368.13529
MRT;2014;1;CENTRE;CENTRE;NC;True;TREMAIL;EPINEPHELUS AENEUS;180
MRT;2014;1;NORD;NORD;NC;True;FILET COURBINE;EPINEPHELUS AENEUS;8846
MRT;2014;1;NORD;NORD;NC;True;LIGNE A MAIN;EPINEPHELUS AENEUS;977
MRT;2014;1;NOUAKCHOTT;NOUAKCHOTT;NC;True;LIGNE A MAIN;EPINEPHELUS AENEUS;2200
MRT;2014;1;PNBA;PNBA;NC;True;FILET COURBINE;EPINEPHELUS AENEUS;32.272183
MRT;2014;1;PNBA;PNBA;NC;True;FILET MULET ENCERCLANT;EPINEPHELUS AENEUS;106.287008
MRT;2014;1;PNBA;PNBA;NC;True;LIGNE A MAIN;EPINEPHELUS AENEUS;346.867148
MRT;2014;1;SUD NKTT;SUD NKTT;NC;True;FILET MULET ENCERCLANT;EPINEPHELUS AENEUS;560
MRT;2014;1;SUD NKTT;SUD NKTT;NC;True;LIGNE A MAIN;EPINEPHELUS AENEUS;2734
MRT;2014;2;CENTRE;CENTRE;NC;True;LIGNE A MAIN;EPINEPHELUS AENEUS;884
MRT;2014;2;CENTRE;CENTRE;NC;True;TREMAIL;EPINEPHELUS AENEUS;436
MRT;2014;2;NORD;NORD;NC;True;LIGNE A MAIN;EPINEPHELUS AENEUS;3368
MRT;2014;2;NORD;NORD;NC;True;POT A POULPES;EPINEPHELUS AENEUS;176
MRT;2014;2;NOUAKCHOTT;NOUAKCHOTT;NC;True;PALANGRE;EPINEPHELUS AENEUS;520
MRT;2014;2;PNBA;PNBA;NC;True;FILET MULET ENCERCLANT;EPINEPHELUS AENEUS;47.745465
MRT;2014;2;PNBA;PNBA;NC;True;LIGNE A MAIN;EPINEPHELUS AENEUS;1146.804609
MRT;2014;3;CENTRE;CENTRE;NC;True;LIGNE A MAIN;EPINEPHELUS AENEUS;795
MRT;2014;3;CENTRE;CENTRE;NC;True;TREMAIL;EPINEPHELUS AENEUS;472
MRT;2014;3;NORD;NORD;NC;True;LIGNE A MAIN;EPINEPHELUS AENEUS;55800
MRT;2014;3;NOUAKCHOTT;NOUAKCHOTT;NC;True;LIGNE A MAIN;EPINEPHELUS AENEUS;1296
MRT;2014;3;NOUAKCHOTT;NOUAKCHOTT;NC;True;PALANGRE;EPINEPHELUS AENEUS;2398
MRT;2014;3;PNBA;PNBA;NC;True;FILET COURBINE;EPINEPHELUS AENEUS;19.360768
MRT;2014;3;PNBA;PNBA;NC;True;FILET MULET ENCERCLANT;EPINEPHELUS AENEUS;195.894591
MRT;2014;3;PNBA;PNBA;NC;True;FILET TOLLO;EPINEPHELUS AENEUS;0.945024
MRT;2014;3;PNBA;PNBA;NC;True;LIGNE A MAIN;EPINEPHELUS AENEUS;696.377343
MRT;2014;4;CENTRE;CENTRE;NC;True;LIGNE A MAIN;EPINEPHELUS AENEUS;627
MRT;2014;4;CENTRE;CENTRE;NC;True;TREMAIL;EPINEPHELUS AENEUS;16500
MRT;2014;4;NORD;NORD;NC;True;FILET COURBINE;EPINEPHELUS AENEUS;2303
MRT;2014;4;NORD;NORD;NC;True;FILET TOLLO;EPINEPHELUS AENEUS;382
MRT;2014;4;NORD;NORD;NC;True;LIGNE A MAIN;EPINEPHELUS AENEUS;10304
MRT;2014;4;NOUAKCHOTT;NOUAKCHOTT;NC;True;LIGNE A MAIN;EPINEPHELUS AENEUS;5179
MRT;2014;4;NOUAKCHOTT;NOUAKCHOTT;NC;True;PALANGRE;EPINEPHELUS AENEUS;38586
MRT;2014;4;NOUAKCHOTT;NOUAKCHOTT;NC;True;TREMAIL;EPINEPHELUS AENEUS;221
MRT;2014;4;PNBA;PNBA;NC;True;FILET COURBINE;EPINEPHELUS AENEUS;83.875673
MRT;2014;4;PNBA;PNBA;NC;True;FILET MULET ENCERCLANT;EPINEPHELUS AENEUS;58.148002
MRT;2014;4;PNBA;PNBA;NC;True;FILET TOLLO;EPINEPHELUS AENEUS;35.860049
MRT;2014;4;PNBA;PNBA;NC;True;LIGNE A MAIN;EPINEPHELUS AENEUS;819.165322
MRT;2014;4;SUD NKTT;SUD NKTT;NC;True;LIGNE A MAIN;EPINEPHELUS AENEUS;684
MRT;2014;5;CENTRE;CENTRE;NC;True;LIGNE A MAIN;EPINEPHELUS AENEUS;3136
MRT;2014;5;CENTRE;CENTRE;NC;True;TREMAIL;EPINEPHELUS AENEUS;539
MRT;2014;5;NORD;NORD;NC;True;FILET COURBINE;EPINEPHELUS AENEUS;528
MRT;2014;5;NORD;NORD;NC;True;FILET TOLLO;EPINEPHELUS AENEUS;1717
MRT;2014;5;NORD;NORD;NC;True;LIGNE A MAIN;EPINEPHELUS AENEUS;30521
MRT;2014;5;NORD;NORD;NC;True;PALANGRE;EPINEPHELUS AENEUS;15624
MRT;2014;5;NOUAKCHOTT;NOUAKCHOTT;NC;True;LIGNE A MAIN;EPINEPHELUS AENEUS;13909
MRT;2014;5;NOUAKCHOTT;NOUAKCHOTT;NC;True;PALANGRE;EPINEPHELUS AENEUS;26101
MRT;2014;5;PNBA;PNBA;NC;True;FILET COURBINE;EPINEPHELUS AENEUS;11.063539
MRT;2014;5;PNBA;PNBA;NC;True;FILET MULET ENCERCLANT;EPINEPHELUS AENEUS;20.576837
MRT;2014;5;PNBA;PNBA;NC;True;FILET TOLLO;EPINEPHELUS AENEUS;569.246725
MRT;2014;5;PNBA;PNBA;NC;True;LIGNE A MAIN;EPINEPHELUS AENEUS;861.7252
MRT;2014;5;SUD NKTT;SUD NKTT;NC;True;LIGNE A MAIN;EPINEPHELUS AENEUS;2492
MRT;2014;5;SUD NKTT;SUD NKTT;NC;True;TREMAIL;EPINEPHELUS AENEUS;132
MRT;2014;6;CENTRE;CENTRE;NC;True;LIGNE A MAIN;EPINEPHELUS AENEUS;8820
MRT;2014;6;NORD;NORD;NC;True;LIGNE A MAIN;EPINEPHELUS AENEUS;47647
MRT;2014;6;NOUAKCHOTT;NOUAKCHOTT;NC;True;LIGNE A MAIN;EPINEPHELUS AENEUS;10842
MRT;2014;6;NOUAKCHOTT;NOUAKCHOTT;NC;True;PALANGRE;EPINEPHELUS AENEUS;44934
MRT;2014;6;PNBA;PNBA;NC;True;FILET MULET ENCERCLANT;EPINEPHELUS AENEUS;1.325128
MRT;2014;6;PNBA;PNBA;NC;True;FILET TOLLO;EPINEPHELUS AENEUS;278.094912
MRT;2014;6;PNBA;PNBA;NC;True;LIGNE A MAIN;EPINEPHELUS AENEUS;1065.645409
MRT;2014;7;CENTRE;CENTRE;NC;True;LIGNE A MAIN;EPINEPHELUS AENEUS;9235
MRT;2014;7;NORD;NORD;NC;True;LIGNE A MAIN;EPINEPHELUS AENEUS;18262
MRT;2014;7;NOUAKCHOTT;NOUAKCHOTT;NC;True;LIGNE A MAIN;EPINEPHELUS AENEUS;69711
MRT;2014;7;PNBA;PNBA;NC;True;FILET MULET ENCERCLANT;EPINEPHELUS AENEUS;10.691067
MRT;2014;7;PNBA;PNBA;NC;True;FILET SOLE;EPINEPHELUS AENEUS;1.674307
MRT;2014;7;PNBA;PNBA;NC;True;FILET TOLLO;EPINEPHELUS AENEUS;32.52153
MRT;2014;7;PNBA;PNBA;NC;True;LIGNE A MAIN;EPINEPHELUS AENEUS;239.265545
MRT;2014;8;NORD;NORD;NC;True;LIGNE A MAIN;EPINEPHELUS AENEUS;53927
MRT;2014;8;NOUAKCHOTT;NOUAKCHOTT;NC;True;LIGNE A MAIN;EPINEPHELUS AENEUS;47669
MRT;2014;8;NOUAKCHOTT;NOUAKCHOTT;NC;True;PALANGRE;EPINEPHELUS AENEUS;36760
MRT;2014;8;PNBA;PNBA;NC;True;FILET TOLLO;EPINEPHELUS AENEUS;11.596908
MRT;2014;8;PNBA;PNBA;NC;True;LIGNE A MAIN;EPINEPHELUS AENEUS;12.535851
MRT;2014;9;CENTRE;CENTRE;NC;True;LIGNE A MAIN;EPINEPHELUS AENEUS;3540
MRT;2014;9;NORD;NORD;NC;True;FILET SOLE;EPINEPHELUS AENEUS;363
MRT;2014;9;NORD;NORD;NC;True;FILET TOLLO;EPINEPHELUS AENEUS;4124
MRT;2014;9;NORD;NORD;NC;True;LIGNE A MAIN;EPINEPHELUS AENEUS;16941
MRT;2014;9;NORD;NORD;NC;True;NASSE A POISSONS;EPINEPHELUS AENEUS;74651
MRT;2014;9;NORD;NORD;NC;True;PALANGRE;EPINEPHELUS AENEUS;5400
MRT;2014;9;NOUAKCHOTT;NOUAKCHOTT;NC;True;LIGNE A MAIN;EPINEPHELUS AENEUS;29500
MRT;2014;9;NOUAKCHOTT;NOUAKCHOTT;NC;True;PALANGRE;EPINEPHELUS AENEUS;36636
MRT;2014;9;PNBA;PNBA;NC;True;FILET TOLLO;EPINEPHELUS AENEUS;43.454351
MRT;2014;9;PNBA;PNBA;NC;True;LIGNE A MAIN;EPINEPHELUS AENEUS;134.336656
MRT;2014;9;PNBA;PNBA;NC;True;NASSE A POISSONS;EPINEPHELUS AENEUS;305.498912
MRT;2014;9;SUD NKTT;SUD NKTT;NC;True;LIGNE A MAIN;EPINEPHELUS AENEUS;35739
MRT;2014;10;NORD;NORD;NC;True;LIGNE A MAIN;EPINEPHELUS AENEUS;12338
MRT;2014;10;NOUAKCHOTT;NOUAKCHOTT;NC;True;LIGNE A MAIN;EPINEPHELUS AENEUS;76164
MRT;2014;10;NOUAKCHOTT;NOUAKCHOTT;NC;True;PALANGRE;EPINEPHELUS AENEUS;34373
MRT;2014;10;PNBA;PNBA;NC;True;LIGNE A MAIN;EPINEPHELUS AENEUS;563.075484
MRT;2014;11;CENTRE;CENTRE;NC;True;LIGNE A MAIN;EPINEPHELUS AENEUS;1917
MRT;2014;11;NORD;NORD;NC;True;LIGNE A MAIN;EPINEPHELUS AENEUS;1800
MRT;2014;11;NOUAKCHOTT;NOUAKCHOTT;NC;True;LIGNE A MAIN;EPINEPHELUS AENEUS;68833
MRT;2014;11;NOUAKCHOTT;NOUAKCHOTT;NC;True;PALANGRE;EPINEPHELUS AENEUS;53640
MRT;2014;11;PNBA;PNBA;NC;True;FILET COURBINE;EPINEPHELUS AENEUS;36.080062
MRT;2014;11;PNBA;PNBA;NC;True;FILET MULET ENCERCLANT;EPINEPHELUS AENEUS;24.686358
MRT;2014;11;PNBA;PNBA;NC;True;LIGNE A MAIN;EPINEPHELUS AENEUS;899.532924
MRT;2014;12;CENTRE;CENTRE;NC;True;FILET SOLE;EPINEPHELUS AENEUS;10540
MRT;2014;12;CENTRE;CENTRE;NC;True;LIGNE A MAIN;EPINEPHELUS AENEUS;5441
MRT;2014;12;CENTRE;CENTRE;NC;True;TREMAIL;EPINEPHELUS AENEUS;900
MRT;2014;12;NORD;NORD;NC;True;FILET TOLLO;EPINEPHELUS AENEUS;6510
MRT;2014;12;NORD;NORD;NC;True;LIGNE A MAIN;EPINEPHELUS AENEUS;18779
MRT;2014;12;NORD;NORD;NC;True;PALANGRE;EPINEPHELUS AENEUS;2325
MRT;2014;12;NOUAKCHOTT;NOUAKCHOTT;NC;True;LIGNE A MAIN;EPINEPHELUS AENEUS;125306
MRT;2014;12;NOUAKCHOTT;NOUAKCHOTT;NC;True;PALANGRE;EPINEPHELUS AENEUS;226156
MRT;2014;12;NOUAKCHOTT;NOUAKCHOTT;NC;True;POT A POULPES;EPINEPHELUS AENEUS;15943
MRT;2014;12;PNBA;PNBA;NC;True;FILET MULET ENCERCLANT;EPINEPHELUS AENEUS;44.993262
MRT;2014;12;PNBA;PNBA;NC;True;LIGNE A MAIN;EPINEPHELUS AENEUS;89.349797
MRT;2014;12;SUD NKTT;SUD NKTT;NC;True;LIGNE A MAIN;EPINEPHELUS AENEUS;25941
